csid	mp	inchi	name	c	h	o	mol_wt	dou	Aromatic	OH	CO	CHO	COOH	COOR	ROR
7628	-92.95	InChI=1S/C5H8O2/c1-4(2)7-5(3)6/h1H2,2-3H3	isopropenyl acetate	5	8	2	100.11502	2.0	0	0	0	0	0	1	0
9478	-67.05	InChI=1S/C8H14O/c1-7(2)5-4-6-8(3)9/h5H,4,6H2,1-3H3	6-methyl-5-hepten-2-one	8	14	1	126.19575999999999	2.0	0	0	1	0	0	0	0
13864773	-65.05	InChI=1S/C5H10O3/c1-5(6)8-4-3-7-2/h3-4H2,1-2H3	2-methoxyethyl_acetate	5	10	3	118.1299	1.0	0	0	0	0	0	1	1
7515	-75.95	InChI=1S/C6H12O2/c1-3-5-8-6(7)4-2/h3-5H2,1-2H3	n-propyl propionate	6	12	2	116.15748	1.0	0	0	0	0	0	1	0
7782	-92.95	InChI=1S/C4H8O2/c1-2-3-6-4-5/h4H,2-3H2,1H3	n-propyl formate	4	8	2	88.10432	1.0	0	0	0	0	0	1	0
3218	186.05	InChI=1S/C16H14O3/c17-15(10-11-16(18)19)14-8-6-13(7-9-14)12-4-2-1-3-5-12/h1-9H,10-11H2,(H,18,19)	fenbufen	16	14	3	254.27936	10.0	1	0	1	0	1	0	0
6138	-111.97	InChI=1S/C3H6O/c1-3-2-4-3/h3H,2H2,1H3	propylene oxide	3	6	1	58.07874	1.0	0	0	0	0	0	0	1
7509	-66.03	InChI=1S/C9H18O2/c1-3-5-6-7-8-9(10)11-4-2/h3-8H2,1-2H3	ethyl heptanoate	9	18	2	158.23722	1.0	0	0	0	0	0	1	0
7728	-85.04	InChI=1S/C3H8O2/c1-5-3-2-4/h4H,2-3H2,1H3	2-methoxyethanol	3	8	2	76.09362	0.0	0	1	0	0	0	0	1
6296	-8.03	InChI=1S/C9H14O/c1-7-4-8(10)6-9(2,3)5-7/h4H,5-6H2,1-3H3	isophorone	9	14	1	138.20646	3.0	0	0	1	0	0	0	0
21105987	-31.05	InChI=1S/C10H12O2/c1-9(11)12-8-7-10-5-3-2-4-6-10/h2-6H,7-8H2,1H3	2-phenylethyl acetate	10	12	2	164.20028	5.0	1	0	0	0	0	1	0
21106102	-61.98	InChI=1S/C5H8O4/c1-8-4(6)3-5(7)9-2/h3H2,1-2H3	dimethyl malonate	5	8	4	132.11302	2.0	0	0	0	0	0	1	0
29015	11.87	InChI=1S/C4H8O2/c1-2-6-4-3-5-1/h1-4H2	1,4-dioxane	4	8	2	88.10432	1.0	0	0	0	0	0	0	1
13860335	-15.05	InChI=1S/C7H8O/c8-6-7-4-2-1-3-5-7/h1-5,8H,6H2	benzyl alcohol	7	8	1	108.13741999999999	4.0	1	1	0	0	0	0	0
6657	-6.9	InChI=1S/C10H14O/c1-10(2,3)8-6-4-5-7-9(8)11/h4-7,11H,1-3H3	2-tert-butylphenol	10	14	1	150.21716	4.0	1	1	0	0	0	0	0
20140	7.1	InChI=1S/C10H12O/c1-3-10(11)9-6-4-8(2)5-7-9/h4-7H,3H2,1-2H3	4'-methylpropiophenone	10	12	1	148.20128	5.0	1	0	1	0	0	0	0
7847	5.1	InChI=1S/C13H26O2/c1-3-4-5-6-7-8-9-10-11-12-13(14)15-2/h3-12H2,1-2H3	methyl dodecanoate	13	26	2	214.34353999999996	1.0	0	0	0	0	0	1	0
12450	-2.13	InChI=1S/C4H6O/c1-2-3-4-5/h5H,4H2,1H3	2-butyn-1-ol	4	6	1	70.08944	2.0	0	1	0	0	0	0	0
7747	-98.9	InChI=1S/C6H12O2/c1-5(2)4-8-6(3)7/h5H,4H2,1-3H3	isobutyl acetate	6	12	2	116.15748	1.0	0	0	0	0	0	1	0
13854808	-113.1	InChI=1S/C4H10O2/c1-4(5-2)6-3/h4H,1-3H3	acetaldehyde dimethyl acetal	4	10	2	90.1202	0.0	0	0	0	0	0	0	1
7507	-73.1	InChI=1S/C9H18O2/c1-4-5-9(10)11-7-6-8(2)3/h8H,4-7H2,1-3H3	isopentyl butyrate	9	18	2	158.23722	1.0	0	0	0	0	0	1	0
10420	-91.1	InChI=1S/C7H14O2/c1-3-5-6-7(8)9-4-2/h3-6H2,1-2H3	ethyl valerate	7	14	2	130.18406	1.0	0	0	0	0	0	1	0
7065	-88.1	InChI=1S/C6H12O2/c1-4-8-6(7)5(2)3/h5H,4H2,1-3H3	ethyl isobutyrate	6	12	2	116.15748	1.0	0	0	0	0	0	1	0
10428	-73.1	InChI=1S/C9H18O2/c1-3-5-6-8-11-9(10)7-4-2/h3-8H2,1-2H3	pentyl_butyrate	9	18	2	158.23722	1.0	0	0	0	0	0	1	0
29000	-117.07	InChI=1S/C5H12O/c1-5(2)3-4-6/h5-6H,3-4H2,1-2H3	3-methyl-1-butanol	5	12	1	88.14778	0.0	0	1	0	0	0	0	0
8490	-71.05	InChI=1S/C5H8O2/c1-3-5(6)7-4-2/h3H,1,4H2,2H3	ethyl acrylate	5	8	2	100.11502	2.0	0	0	0	0	0	1	0
13837190	-104.95	InChI=1S/C3H8O2/c1-4-3-5-2/h3H2,1-2H3	dimethoxymethane	3	8	2	76.09362	0.0	0	0	0	0	0	0	1
66547	127.13	InChI=1S/C11H12O3/c12-10(7-4-8-11(13)14)9-5-2-1-3-6-9/h1-3,5-6H,4,7-8H2,(H,13,14)	4-benzoylbutyric acid	11	12	3	192.20998000000003	6.0	1	0	1	0	1	0	0
10571	-84.85	InChI=1S/C5H10O2/c1-4(2)5(6)7-3/h4H,1-3H3	methyl isobutyrate	5	10	2	102.13090000000001	1.0	0	0	0	0	0	1	0
11790	-68.85	InChI=1S/C9H18O2/c1-3-5-6-7-9(10)11-8-4-2/h3-8H2,1-2H3	n-propyl hexanoate	9	18	2	158.23722	1.0	0	0	0	0	0	1	0
13850405	-51.1	InChI=1S/C9H10O2/c1-8(10)11-7-9-5-3-2-4-6-9/h2-6H,7H2,1H3	benzyl acetate	9	10	2	150.1737	5.0	1	0	0	0	0	1	0
224468	124.1	InChI=1S/C17H14O3/c1-2-14-16(13-5-3-4-6-15(13)20-14)17(19)11-7-9-12(18)10-8-11/h3-10,18H,2H2,1H3	benzarone	17	14	3	266.29006	11.0	1	1	1	0	0	0	0
7657	-99.1	InChI=1S/C7H14O2/c1-4-9-7(8)5-6(2)3/h6H,4-5H2,1-3H3	ethyl isovalerate	7	14	2	130.18406	1.0	0	0	0	0	0	1	0
7838	-43.08	InChI=1S/C7H14O/c1-2-3-4-5-6-7-8/h7H,2-6H2,1H3	heptanal	7	14	1	114.18506	1.0	0	0	0	1	0	0	0
3168	-116.08	InChI=1S/C4H10O/c1-3-5-4-2/h3-4H2,1-2H3	diethyl ether	4	10	1	74.1212	0.0	0	0	0	0	0	0	1
11750	7.8	InChI=1S/C3H6O3/c1-6-2-3(4)5/h2H2,1H3,(H,4,5)	methoxyacetic acid	3	6	3	90.07674	1.0	0	0	0	0	1	0	1
6336	-0.05	InChI=1S/C2H4O3/c1-2(3)5-4/h4H,1H3	ethaneperoxoic acid	2	4	3	76.05016	1.0	0	0	0	0	0	0	0
21171506	-27.15	InChI=1S/C7H12O3/c1-5(2)10-7(9)4-6(3)8/h5H,4H2,1-3H3	isopropyl acetoacetate	7	12	3	144.16718	2.0	0	0	1	0	0	1	0
29023	12.15	InChI=1S/C16H32O2/c1-3-5-6-7-8-9-10-11-12-13-14-15-16(17)18-4-2/h3-15H2,1-2H3	ethyl tetradecanoate	16	32	2	256.42328	1.0	0	0	0	0	0	1	0
278	8.23	InChI=1S/CH2O2/c2-1-3/h1H,(H,2,3)	formic acid	1	2	2	46.02458	1.0	0	0	0	0	1	0	0
7701	-33.94428571	InChI=1S/C5H10O2/c1-2-3-4-5(6)7/h2-4H2,1H3,(H,6,7)	valeric acid	5	10	2	102.13090000000001	1.0	0	0	0	0	1	0	0
11741	-50.2	InChI=1S/C8H18O/c1-4-5-6-7-8(2,3)9/h9H,4-7H2,1-3H3	2-methyl-2-heptanol	8	18	1	130.22752	0.0	0	1	0	0	0	0	0
6248	-23.8	InChI=1S/C6H14O/c1-4-6(3,7)5-2/h7H,4-5H2,1-3H3	3-methyl-3-pentanol	6	14	1	102.17436	0.0	0	1	0	0	0	0	0
11041	-40.8	InChI=1S/C7H12O/c1-6-2-4-7(8)5-3-6/h6H,2-5H2,1H3	4-methylcyclohexanone	7	12	1	112.16918	2.0	0	0	1	0	0	0	0
55123	-62.8	InChI=1S/C7H14O2/c1-2-3-4-5-6-9-7-8/h7H,2-6H2,1H3	n-hexyl formate	7	14	2	130.18406	1.0	0	0	0	0	0	1	0
13885245	-29.2	InChI=1S/C10H12O2/c1-2-12-10(11)8-9-6-4-3-5-7-9/h3-7H,2,8H2,1H3	ethyl phenylacetate	10	12	2	164.20028	5.0	1	0	0	0	0	1	0
733	18.0	InChI=1S/C3H8O3/c4-1-3(6)2-5/h3-6H,1-2H2	glycerol	3	8	3	92.09262	0.0	0	1	0	0	0	0	0
13673	-19.13	InChI=1S/C10H14O/c1-2-3-9-11-10-7-5-4-6-8-10/h4-8H,2-3,9H2,1H3	n-butyl phenyl ether	10	14	1	150.21716	4.0	1	0	0	0	0	0	1
171	16.784000000000002	InChI=1S/C2H4O2/c1-2(3)4/h1H3,(H,3,4)	acetic acid	2	4	2	60.051159999999996	1.0	0	0	0	0	1	0	0
21106133	2.87	InChI=1S/C5H8O/c1-4-5(2,3)6/h1,6H,2-3H3	2-methyl-3-butyn-2-ol	5	8	1	84.11601999999999	2.0	0	1	0	0	0	0	0
13835180	-10.2	InChI=1S/C4H10O3/c5-1-3-7-4-2-6/h5-6H,1-4H2	diethylene glycol	4	10	3	106.1192	0.0	0	1	0	0	0	0	1
59482	-9.2	InChI=1S/C11H14O/c1-2-3-9-11(12)10-7-5-4-6-8-10/h4-8H,2-3,9H2,1H3	valerophenone	11	14	1	162.22786000000002	5.0	1	0	1	0	0	0	0
1005	-20.924	InChI=1S/C3H6O2/c1-2-3(4)5/h2H2,1H3,(H,4,5)	propionic acid	3	6	2	74.07774	1.0	0	0	0	0	1	0	0
7627	-73.2	InChI=1S/C5H10O2/c1-4(2)7-5(3)6/h4H,1-3H3	isopropyl acetate	5	10	2	102.13090000000001	1.0	0	0	0	0	0	1	0
12071	69.2	InChI=1S/C19H38O2/c1-2-3-4-5-6-7-8-9-10-11-12-13-14-15-16-17-18-19(20)21/h2-18H2,1H3,(H,20,21)	nonadecanoic acid	19	38	2	298.50302	1.0	0	0	0	0	1	0	0
10035	75.13	InChI=1S/C20H40O2/c1-2-3-4-5-6-7-8-9-10-11-12-13-14-15-16-17-18-19-20(21)22/h2-19H2,1H3,(H,21,22)	arachidic acid	20	40	2	312.5296	1.0	0	0	0	0	1	0	0
14672	-108.9	InChI=1S/C5H12O/c1-5(2,3)6-4/h1-4H3	tert-butyl methyl ether	5	12	1	88.14778	0.0	0	0	0	0	0	0	1
8525	-83.9	InChI=1S/C4H8O2/c1-3-6-4(2)5/h3H2,1-2H3	ethyl acetate	4	8	2	88.10432	1.0	0	0	0	0	0	1	0
682	-114.1325	InChI=1S/C2H6O/c1-2-3/h3H,2H2,1H3	ethanol	2	6	1	46.06804	0.0	0	1	0	0	0	0	0
7737	-108.11	InChI=1S/C4H8O/c1-2-4-5-3-1/h1-4H2	tetrahydrofuran	4	8	1	72.10531999999999	1.0	0	0	0	0	0	0	1
6406	-47.89	InChI=1S/C5H8O2/c1-4(2)5(6)7-3/h1H2,2-3H3	methyl methacrylate	5	8	2	100.11502	2.0	0	0	0	0	0	1	0
864	-97.90555556	InChI=1S/CH4O/c1-2/h2H,1H3	methanol	1	4	1	32.04146	0.0	0	1	0	0	0	0	0
56234	73.25	InChI=1S/C8H8O/c1-2-7-3-5-8(9)6-4-7/h2-6,9H,1H2	p-vinylphenol	8	8	1	120.14811999999999	5.0	1	1	0	0	0	0	0
55085	-22.25	InChI=1S/C5H8O2/c1-2-3-4-5(6)7/h2H,1,3-4H2,(H,6,7)	4-pentenoic acid	5	8	2	100.11502	2.0	0	0	0	0	1	0	0
63871	-6.25	InChI=1S/C7H12O2/c1-2-3-4-5-6-7(8)9/h2H,1,3-6H2,(H,8,9)	6-heptenoic acid	7	12	2	128.16818	2.0	0	0	0	0	1	0	0
10771160	24.25	InChI=1S/C11H20O2/c1-2-3-4-5-6-7-8-9-10-11(12)13/h2H,1,3-10H2,(H,12,13)	10-undecenoic acid	11	20	2	184.2745	2.0	0	0	0	0	1	0	0
352	218.25	InChI=1S/C6H6O3/c7-4-1-5(8)3-6(9)2-4/h1-3,7-9H	phloroglucinol, anhydrous	6	6	3	126.10884	4.0	1	1	0	0	0	0	0
9917	4.25	InChI=1S/C4H4O2/c5-4-2-1-3-6-4/h1-2H,3H2	2(5h)-furanone	4	4	2	84.07256	3.0	0	0	0	0	0	1	0
12680	174.75	InChI=1S/C11H16O2/c12-10(13)11-4-7-1-8(5-11)3-9(2-7)6-11/h7-9H,1-6H2,(H,12,13)	adamantane-1-carboxylic acid	11	16	2	180.24274	4.0	0	0	0	0	1	0	0
8253	201.25	InChI=1S/C13H10O5/c14-7-1-3-9(11(16)5-7)13(18)10-4-2-8(15)6-12(10)17/h1-6,14-17H	2,2',4,4'-tetrahydroxybenzophenone	13	10	5	246.21349999999998	9.0	1	1	1	0	0	0	0
4444774	230.25	InChI=1S/C9H6O3/c10-7-3-1-6-2-4-9(11)12-8(6)5-7/h1-5,10H	7-hydroxycoumarin	9	6	3	162.14094	7.0	1	1	0	0	0	0	0
6899	42.25	InChI=1S/C14H10O3/c15-13(11-7-3-1-4-8-11)17-14(16)12-9-5-2-6-10-12/h1-10H	benzoic anhydride	14	10	3	226.2262	10.0	1	0	0	0	0	0	0
4444935	214.75	InChI=1S/C15H10O5/c16-9-6-10(17)12-11(7-9)20-15(14(19)13(12)18)8-4-2-1-3-5-8/h1-7,16-17,19H	3,5,7-trihydroxyflavone	15	10	5	270.23490000000004	11.0	1	1	0	0	0	0	0
70962	79.75	InChI=1S/C12H14O/c13-12-8-6-11(7-9-12)10-4-2-1-3-5-10/h1-5,11H,6-9H2	4-phenylcyclohexanone	12	14	1	174.23856	6.0	1	0	1	0	0	0	0
3215	160.75	InChI=1S/C14H12O2/c15-14(16)10-11-6-8-13(9-7-11)12-4-2-1-3-5-12/h1-9H,10H2,(H,15,16)	4-biphenylacetic acid	14	12	2	212.24308	9.0	1	0	0	0	1	0	0
59526	24.75	InChI=1S/C13H10O2/c14-10-11-6-8-13(9-7-11)15-12-4-2-1-3-5-12/h1-10H	4-phenoxybenzaldehyde	13	10	2	198.21649999999997	9.0	1	0	0	1	0	0	1
11641	81.75	InChI=1S/C15H16O3/c16-13(11-17-14-7-3-1-4-8-14)12-18-15-9-5-2-6-10-15/h1-10,13,16H,11-12H2	1,3-diphenoxy-2-propanol	15	16	3	244.28454	8.0	1	1	0	0	0	0	1
73626	97.75	InChI=1S/C9H10O3/c10-9(11)6-7-12-8-4-2-1-3-5-8/h1-5H,6-7H2,(H,10,11)	3-phenoxypropionic acid	9	10	3	166.17270000000002	5.0	1	0	0	0	1	0	1
21106522	-21.25	InChI=1S/C8H8O/c1-2-4-8-7(3-1)5-6-9-8/h1-4H,5-6H2	2,3-dihydrobenzo[b]furan	8	8	1	120.14811999999999	5.0	1	0	0	0	0	0	1
8861	122.25	InChI=1S/C12H8O2/c1-2-6-10-9(5-1)13-11-7-3-4-8-12(11)14-10/h1-8H	oxanthrene	12	8	2	184.18992	9.0	1	0	0	0	0	0	1
9849	122.25	InChI=1S/C5H4O3/c6-5(7)4-1-2-8-3-4/h1-3H,(H,6,7)	3-furoic acid	5	4	3	112.08226	4.0	1	0	0	0	1	0	0
28952	40.75	InChI=1S/C11H14O3/c1-8(12)3-4-9-5-6-10(13)11(7-9)14-2/h5-7,13H,3-4H2,1-2H3	4-(4-hydroxy-3-methoxyphenyl)-2-butanone	11	14	3	194.22586	5.0	1	1	1	0	0	0	1
12691	44.75	InChI=1S/C12H10O2/c1-9(13)14-12-8-4-6-10-5-2-3-7-11(10)12/h2-8H,1H3	1-naphthyl acetate	12	10	2	186.20579999999998	8.0	1	0	0	0	0	1	0
14285	207.75	InChI=1S/C15H22O3/c1-14(2,3)10-7-9(13(17)18)8-11(12(10)16)15(4,5)6/h7-8,16H,1-6H3,(H,17,18)	3,5-di-tert-butyl-4-hydroxybenzoic acid	15	22	3	250.33218	5.0	1	1	0	0	1	0	0
13438	6.25	InChI=1S/C6H12O2/c1-6(2,3)4-5(7)8/h4H2,1-3H3,(H,7,8)	3,3-dimethylbutyric acid	6	12	2	116.15748	1.0	0	0	0	0	1	0	0
7670	-41.75	InChI=1S/C9H18O/c1-7(2)5-9(10)6-8(3)4/h7-8H,5-6H2,1-4H3	2,6-dimethyl-4-heptanone	9	18	1	142.23822	1.0	0	0	1	0	0	0	0
7761	-93.25	InChI=1S/C6H12O2/c1-6(2)3-4-8-5-7/h5-6H,3-4H2,1-2H3	isoamyl_formate	6	12	2	116.15748	1.0	0	0	0	0	0	1	0
2656	1.25	InChI=1S/C10H18O/c1-9(2)8-4-6-10(3,11-9)7-5-8/h8H,4-7H2,1-3H3	1,8-cineole	10	18	1	154.24892	2.0	0	0	0	0	0	0	1
29091	148.25	InChI=1S/C8H12O2/c1-8(2)4-6(9)3-7(10)5-8/h3-5H2,1-2H3	dimedone	8	12	2	140.17888	3.0	0	0	1	0	0	0	0
11517	7.75	InChI=1S/C5H4O3/c1-3-2-4(6)8-5(3)7/h2H,1H3	citraconic anhydride	5	4	3	112.08226	4.0	0	0	0	0	0	0	0
12244	93.75	InChI=1S/C9H12O/c1-6-4-7(2)8(3)9(10)5-6/h4-5,10H,1-3H3	2,3,5-trimethylphenol	9	12	1	136.19058	4.0	1	1	0	0	0	0	0
21159574	10.25	InChI=1S/C11H14O/c1-7-5-9(3)11(10(4)12)6-8(7)2/h5-6H,1-4H3	2',4',5'-trimethylacetophenone	11	14	1	162.22786000000002	5.0	1	0	1	0	0	0	0
13839080	107.25	InChI=1S/C7H8O2/c1-5-2-6(8)4-7(9)3-5/h2-4,8-9H,1H3	3,5-dihydroxytoluene	7	8	2	124.13642	4.0	1	1	0	0	0	0	0
16109	51.75	InChI=1S/C11H16O/c1-8-5-6-10(12)9(7-8)11(2,3)4/h5-7,12H,1-4H3	2-tert-butyl-4-methylphenol	11	16	1	164.24374	4.0	1	1	0	0	0	0	0
21105936	5.75	InChI=1S/C8H10O2/c1-6-3-4-7(9)8(5-6)10-2/h3-5,9H,1-2H3	2-methoxy-4-methylphenol	8	10	2	138.16299999999998	4.0	1	1	0	0	0	0	1
6825	76.25	InChI=1S/C10H8O2/c1-7-2-4-9-8(6-7)3-5-10(11)12-9/h2-6H,1H3	6-methylcoumarin	10	8	2	160.16852	7.0	1	0	0	0	0	0	0
6482	165.25	InChI=1S/C8H8O3/c1-5-3-2-4-6(7(5)9)8(10)11/h2-4,9H,1H3,(H,10,11)	3-methylsalicylic acid	8	8	3	152.14612	5.0	1	1	0	0	1	0	0
2447	76.75	InChI=1S/C21H26O2/c1-5-6-7-8-15-12-18(22)20-16-11-14(2)9-10-17(16)21(3,4)23-19(20)13-15/h9-13,22H,5-8H2,1-4H3	6,6,9-trimethyl-3-pentyl-6h-benzo[c]chromen-1-ol	21	26	2	310.42913999999996	9.0	1	1	0	0	0	0	1
11210	-12.75	InChI=1S/C7H16O/c1-4-7(8,5-2)6-3/h8H,4-6H2,1-3H3	3-ethyl-3-pentanol	7	16	1	116.20094	0.0	0	1	0	0	0	0	0
11589	112.75	InChI=1S/C9H10O2/c1-2-7-3-5-8(6-4-7)9(10)11/h3-6H,2H2,1H3,(H,10,11)	4-ethylbenzoic acid	9	10	2	150.1737	5.0	1	0	0	0	1	0	0
11025	-55.25	InChI=1S/C6H12O/c1-3-5-6(7)4-2/h3-5H2,1-2H3	3-hexanone	6	12	1	100.15848	1.0	0	0	1	0	0	0	0
12972	14.75	InChI=1S/C11H22O/c1-3-5-7-9-11(12)10-8-6-4-2/h3-10H2,1-2H3	6-undecanone	11	22	1	170.29138	1.0	0	0	1	0	0	0	0
55242	39.25	InChI=1S/C15H30O/c1-3-4-5-6-7-8-9-10-11-12-13-14-15(2)16/h3-14H2,1-2H3	2-pentadecanone	15	30	1	226.39770000000001	1.0	0	0	1	0	0	0	0
10490	77.75	InChI=1S/C27H54O/c1-3-5-7-9-11-13-15-17-19-21-23-25-27(28)26-24-22-20-18-16-14-12-10-8-6-4-2/h3-26H2,1-2H3	14-heptacosanone	27	54	1	394.71666000000005	1.0	0	0	1	0	0	0	0
13777	96.75	InChI=1S/C19H30O5/c1-2-3-4-5-6-7-8-9-10-11-12-24-19(23)15-13-16(20)18(22)17(21)14-15/h13-14,20-22H,2-12H2,1H3	n-dodecyl gallate	19	30	5	338.4365	5.0	1	1	0	0	0	1	0
15020	48.25	InChI=1S/C21H26O3/c1-2-3-4-5-6-10-15-24-18-13-14-19(20(22)16-18)21(23)17-11-8-7-9-12-17/h7-9,11-14,16,22H,2-6,10,15H2,1H3	2-hydroxy-4-n-octyloxybenzophenone	21	26	3	326.42814	9.0	1	1	1	0	0	0	1
11833	-115.25	InChI=1S/C5H12O/c1-3-4-5-6-2/h3-5H2,1-2H3	methyl_butyl_ether	5	12	1	88.14778	0.0	0	0	0	0	0	0	1
11125	-91.75	InChI=1S/C5H10O2/c1-2-3-4-7-5-6/h5H,2-4H2,1H3	n-butyl formate	5	10	2	102.13090000000001	1.0	0	0	0	0	0	1	0
63002	1.75	InChI=1S/C8H10O4/c1-3-11-7(9)5-6-8(10)12-4-2/h3-4H2,1-2H3	diethyl acetylenedicarboxylate	8	10	4	170.161	4.0	0	0	0	0	0	1	0
18688	-89.75	InChI=1S/C7H14O2/c1-5-9-6(8)7(2,3)4/h5H2,1-4H3	ethyl trimethylacetate	7	14	2	130.18406	1.0	0	0	0	0	0	1	0
21171999	43.75	InChI=1S/C11H14O4/c1-4-15-11(12)8-5-6-9(13-2)10(7-8)14-3/h5-7H,4H2,1-3H3	ethyl 3,4-dimethoxybenzoate	11	14	4	210.22486000000004	5.0	1	0	0	0	0	1	1
11485	34.25	InChI=1S/C7H8O3/c1-2-9-7(8)6-4-3-5-10-6/h3-5H,2H2,1H3	ethyl 2-furoate	7	8	3	140.13542	4.0	1	0	0	0	0	1	0
8154	77.25	InChI=1S/C9H10O3/c1-2-12-9-5-7(6-10)3-4-8(9)11/h3-6,11H,2H2,1H3	3-ethoxy-4-hydroxybenzaldehyde	9	10	3	166.17270000000002	5.0	1	1	0	1	0	0	1
70988	88.75	InChI=1S/C10H12O3/c1-2-13-9-5-3-8(4-6-9)7-10(11)12/h3-6H,2,7H2,1H3,(H,11,12)	4-ethoxyphenylacetic acid	10	12	3	180.19928	5.0	1	0	0	0	1	0	1
11651	66.25	InChI=1S/C8H10O2/c1-2-10-8-5-3-7(9)4-6-8/h3-6,9H,2H2,1H3	4-ethoxyphenol	8	10	2	138.16299999999998	4.0	1	1	0	0	0	0	1
11835	-127.25	InChI=1S/C5H12O/c1-3-5-6-4-2/h3-5H2,1-2H3	ethyl_propyl_ether	5	12	1	88.14778	0.0	0	0	0	0	0	0	1
9630	-66.25	InChI=1S/C5H12O2/c1-3-6-5-7-4-2/h3-5H2,1-2H3	diethoxymethane	5	12	2	104.14678	0.0	0	0	0	0	0	0	1
1675	143.25	InChI=1S/C9H10O4/c1-13-8-4-6(5-9(11)12)2-3-7(8)10/h2-4,10H,5H2,1H3,(H,11,12)	homovanillic acid	9	10	4	182.17170000000002	5.0	1	1	0	0	1	0	1
10833	100.75	InChI=1S/C10H12O5/c1-13-7-5-4-6(10(11)12)8(14-2)9(7)15-3/h4-5H,1-3H3,(H,11,12)	2,3,4-trimethoxybenzoic acid	10	12	5	212.19728	5.0	1	0	0	0	1	0	1
62361	61.75	InChI=1S/C14H12O2/c1-16-13-9-7-12(8-10-13)14(15)11-5-3-2-4-6-11/h2-10H,1H3	4-methoxybenzophenone	14	12	2	212.24308	9.0	1	0	1	0	0	0	1
61759	51.75	InChI=1S/C10H10O4/c1-7(11)14-9-6-4-3-5-8(9)10(12)13-2/h3-6H,1-2H3	methyl_2-acetoxybenzoate	10	10	4	194.1824	6.0	1	0	0	0	0	1	0
11969	64.25	InChI=1S/C10H10O4/c1-7(11)13-9-5-3-4-6-10(9)14-8(2)12/h3-6H,1-2H3	catechol diacetate	10	10	4	194.1824	6.0	1	0	0	0	0	1	0
69896	57.75	InChI=1S/C5H8O4/c1-9-5(8)3-2-4(6)7/h2-3H2,1H3,(H,6,7)	4-methoxy-4-oxobutanoic acid	5	8	4	132.11302	2.0	0	0	0	0	1	1	0
8127	115.75	InChI=1S/C9H10O3/c1-2-12-9(11)7-3-5-8(10)6-4-7/h3-6,10H,2H2,1H3	ethyl p-hydroxybenzoate	9	10	3	166.17270000000002	5.0	1	1	0	0	0	1	0
4596	149.75	InChI=1S/C15H10O2/c16-14-11-8-4-5-9-12(11)15(17)13(14)10-6-2-1-3-7-10/h1-9,13H	phenindione	15	10	2	222.2379	11.0	1	0	1	0	0	0	0
10582	154.25	InChI=1S/C13H8O/c14-12-8-7-10-4-1-3-9-5-2-6-11(12)13(9)10/h1-8H	1h-phenalen-1-one	13	8	1	180.20162	10.0	1	0	1	0	0	0	0
15443	34.75	InChI=1S/C7H12O/c8-6-7-4-2-1-3-5-7/h6-7H,1-5H2	cyclohexanecarboxaldehyde	7	12	1	112.16918	2.0	0	0	0	1	0	0	0
70806	101.75	InChI=1S/C15H10O/c16-10-12-9-11-5-1-2-6-13(11)15-8-4-3-7-14(12)15/h1-10H	phenanthrene-9-carboxaldehyde	15	10	1	206.2389	11.0	1	0	0	1	0	0	0
28973	65.25	InChI=1S/C10H14O2/c1-2-3-8-12-10-6-4-9(11)5-7-10/h4-7,11H,2-3,8H2,1H3	4-butoxyphenol	10	14	2	166.21616	4.0	1	1	0	0	0	0	1
3708	153.67	InChI=1S/C6H6O4/c7-2-4-1-5(8)6(9)3-10-4/h1,3,7,9H,2H2	kojic acid	6	6	4	142.10784	4.0	1	1	0	0	0	0	0
532	128.67	InChI=1S/C8H8O4/c9-6-2-1-5(3-7(6)10)4-8(11)12/h1-3,9-10H,4H2,(H,11,12)	3,4-dihydroxyphenylacetic acid	8	8	4	168.14512	5.0	1	1	0	0	1	0	0
165975	140.17	InChI=1S/C10H8O3/c11-6-7-2-1-3-9-8(7)4-5-13-10(9)12/h1-3,6H,4-5H2	erythrocentaurin	10	8	3	176.16752000000002	7.0	1	0	0	1	0	1	0
13835344	38.17	InChI=1S/C9H10O2/c1-7(10)8-3-5-9(11-2)6-4-8/h3-6H,1-2H3	4'-methoxyacetophenone	9	10	2	150.1737	5.0	1	0	1	0	0	0	1
7114	48.83	InChI=1S/C10H18O/c1-10(2,3)8-4-6-9(11)7-5-8/h8H,4-7H2,1-3H3	4-tert-butylcyclohexanone	10	18	1	154.24892	2.0	0	0	1	0	0	0	0
63909	37.83	InChI=1S/C8H14O2/c1-8(7(9)10)5-3-2-4-6-8/h2-6H2,1H3,(H,9,10)	1-methylcyclohexanecarboxylic acid	8	14	2	142.19476	2.0	0	0	0	0	1	0	0
6514	109.17	InChI=1S/C16H12O2/c1-2-10-7-8-13-14(9-10)16(18)12-6-4-3-5-11(12)15(13)17/h3-9H,2H2,1H3	2-ethylanthraquinone	16	12	2	236.26448	11.0	1	0	1	0	0	0	0
11891	45.83	InChI=1S/C15H32O/c1-2-3-4-5-6-7-8-9-10-11-12-13-14-15-16/h16H,2-15H2,1H3	1-pentadecanol	15	32	1	228.41358	0.0	0	1	0	0	0	0	0
59885	16.17	InChI=1S/C13H16O4/c1-3-16-12(14)11(13(15)17-4-2)10-8-6-5-7-9-10/h5-9,11H,3-4H2,1-2H3	diethyl phenylmalonate	13	16	4	236.26214	6.0	1	0	0	0	0	1	0
21105889	13.83	InChI=1S/C9H10O2/c1-2-11-9-5-3-8(7-10)4-6-9/h3-7H,2H2,1H3	4-ethoxybenzaldehyde	9	10	2	150.1737	5.0	1	0	0	1	0	0	1
7391	-29.83	InChI=1S/C8H10O/c1-2-9-8-6-4-3-5-7-8/h3-7H,2H2,1H3	phenetole	8	10	1	122.16399999999999	4.0	1	0	0	0	0	0	1
50	115.33333329999999	InChI=1S/C5H6O5/c6-3(5(9)10)1-2-4(7)8/h1-2H2,(H,7,8)(H,9,10)	2-ketoglutaric acid	5	6	5	146.09614	3.0	0	0	1	0	1	0	0
4642	56.17	InChI=1S/C8H6O2/c9-5-7-3-1-2-4-8(7)6-10/h1-6H	phthalaldehyde	8	6	2	134.13124	6.0	1	0	0	1	0	0	0
10653	-87.88	InChI=1S/C4H8O2/c1-3-4(5)6-2/h3H2,1-2H3	methyl propionate	4	8	2	88.10432	1.0	0	0	0	0	0	1	0
13848341	19.13	InChI=1S/C6H10O4/c1-9-5(7)3-4-6(8)10-2/h3-4H2,1-2H3	dimethyl succinate	6	10	4	146.1396	2.0	0	0	0	0	0	1	0
7238	-37.13	InChI=1S/C7H8O/c1-8-7-5-3-2-4-6-7/h2-6H,1H3	anisole	7	8	1	108.13741999999999	4.0	1	0	0	0	0	0	1
13860434	81.7475	InChI=1S/C8H8O3/c1-11-8-4-6(5-9)2-3-7(8)10/h2-5,10H,1H3	vanillin	8	8	3	152.14612	5.0	1	1	0	1	0	0	1
8329	94.86399999999999	InChI=1S/C14H10O2/c15-13(11-7-3-1-4-8-11)14(16)12-9-5-2-6-10-12/h1-10H	benzil	14	10	2	210.22719999999998	10.0	1	0	1	0	0	0	0
7694	-91.78571429	InChI=1S/C8H16O2/c1-3-5-7-10-8(9)6-4-2/h3-7H2,1-2H3	n-butyl butyrate	8	16	2	144.21063999999998	1.0	0	0	0	0	0	1	0
8514	-64.3	InChI=1S/C7H12O2/c1-3-5-6-9-7(8)4-2/h4H,2-3,5-6H2,1H3	n-butyl acrylate	7	12	2	128.16818	2.0	0	0	0	0	0	1	0
7738	-85.4	InChI=1S/C4H4O/c1-2-4-5-3-1/h1-4H	furan	4	4	1	68.07356	3.0	1	0	0	0	0	0	0
4445872	0.2	InChI=1S/C16H30O2/c1-2-3-4-5-6-7-8-9-10-11-12-13-14-15-16(17)18/h7-8H,2-6,9-15H2,1H3,(H,17,18)	palmitoleic acid	16	30	2	254.4074	2.0	0	0	0	0	1	0	0
2275	-33.7	InChI=1S/C3H4O2/c4-3-1-2-5-3/h1-2H2	beta-propiolactone	3	4	2	72.06186	2.0	0	0	0	0	0	1	0
6389	40.3	InChI=1S/C18H22O2/c1-17(2,15-11-7-5-8-12-15)19-20-18(3,4)16-13-9-6-10-14-16/h5-14H,1-4H3	1,1'-(dioxydipropane-2,2-diyl)dibenzene	18	22	2	270.36528	8.0	1	0	0	0	0	0	0
12977	-63.4	InChI=1S/C4H6O/c1-2-3-4-5/h1,5H,3-4H2	3-butyn-1-ol	4	6	1	70.08944	2.0	0	1	0	0	0	0	0
7888	28.4275	InChI=1S/C11H22O2/c1-2-3-4-5-6-7-8-9-10-11(12)13/h2-10H2,1H3,(H,12,13)	undecanoic acid	11	22	2	186.29038	1.0	0	0	0	0	1	0	0
14436	40.18	InChI=1S/C10H20O/c11-10-8-6-4-2-1-3-5-7-9-10/h10-11H,1-9H2	cyclodecanol	10	20	1	156.2648	1.0	0	1	0	0	0	0	0
60586	20.35	InChI=1S/C9H10O3/c1-2-12-8-6-4-3-5-7(8)9(10)11/h3-6H,2H2,1H3,(H,10,11)	2-ethoxybenzoic acid	9	10	3	166.17270000000002	5.0	1	0	0	0	1	0	1
6114	-111.35	InChI=1S/C2H4O/c1-2-3-1/h1-2H2	oxirane	2	4	1	44.05216	1.0	0	0	0	0	0	0	1
7103	54.65	InChI=1S/C10H14O2/c1-10(2,3)7-4-5-8(11)9(12)6-7/h4-6,11-12H,1-3H3	4-tert-butylcatechol	10	14	2	166.21616	4.0	1	1	0	0	0	0	0
7559	-87.18	InChI=1S/C3H4O/c1-2-3-4/h2-3H,1H2	acrolein	3	4	1	56.06286	2.0	0	0	0	1	0	0	0
7790	60.6	InChI=1S/C3H6O3/c1-4-2-6-3-5-1/h1-3H2	1,3,5-trioxane	3	6	3	90.07674	1.0	0	0	0	0	0	0	1
7626	-86.4	InChI=1S/C6H14O/c1-5(2)7-6(3)4/h5-6H,1-4H3	diisopropyl_ether	6	14	1	102.17436	0.0	0	0	0	0	0	0	1
11763	-62.4	InChI=1S/C6H8O/c1-5-3-4-6(2)7-5/h3-4H,1-2H3	2,5-dimethylfuran	6	8	1	96.12671999999999	3.0	1	0	0	0	0	0	0
11029	-41.6	InChI=1S/C7H16O/c1-3-5-7(8)6-4-2/h7-8H,3-6H2,1-2H3	4-heptanol	7	16	1	116.20094	0.0	0	1	0	0	0	0	0
7358	-67.4	InChI=1S/C22H42O4/c1-5-9-13-19(7-3)17-25-21(23)15-11-12-16-22(24)26-18-20(8-4)14-10-6-2/h19-20H,5-18H2,1-4H3	bis(2-ethylhexyl) adipate	22	42	4	370.56488	2.0	0	0	0	0	0	1	0
59546	75.4	InChI=1S/C15H14O3/c1-18-14(16)15(17,12-8-4-2-5-9-12)13-10-6-3-7-11-13/h2-11,17H,1H3	methyl benzilate	15	14	3	242.26866	9.0	1	1	0	0	0	1	0
76852	34.4	InChI=1S/C12H10O2/c1-14-12-7-6-9(8-13)10-4-2-3-5-11(10)12/h2-8H,1H3	4-methoxy-1-naphthaldehyde	12	10	2	186.20579999999998	8.0	1	0	0	1	0	0	1
13033	42.4	InChI=1S/C7H8O3/c1-10-6-4-2-3-5(8)7(6)9/h2-4,8-9H,1H3	3-methoxycatechol	7	8	3	140.13542	4.0	1	1	0	0	0	0	1
7732	-115.27	InChI=1S/C4H8O/c1-3-5-4-2/h3H,1,4H2,2H3	ethyl vinyl ether	4	8	1	72.10531999999999	1.0	0	0	0	0	0	0	1
7909	39.55	InChI=1S/C19H38O2/c1-3-4-5-6-7-8-9-10-11-12-13-14-15-16-17-18-19(20)21-2/h3-18H2,1-2H3	methyl stearate	19	38	2	298.50302	1.0	0	0	0	0	0	1	0
8141	-51.244	InChI=1S/C5H8O/c6-5-3-1-2-4-5/h1-4H2	cyclopentanone	5	8	1	84.11601999999999	2.0	0	0	1	0	0	0	0
7463	-73.3	InChI=1S/C5H10O2/c1-3-5(6)7-4-2/h3-4H2,1-2H3	ethyl propionate	5	10	2	102.13090000000001	1.0	0	0	0	0	0	1	0
8568	-80.3	InChI=1S/C8H16O2/c1-3-4-5-6-7-10-8(2)9/h3-7H2,1-2H3	n-hexyl acetate	8	16	2	144.21063999999998	1.0	0	0	0	0	0	1	0
6313	-65.23	InChI=1S/C4H8O/c1-4(2)3-5/h3-4H,1-2H3	isobutyraldehyde	4	8	1	72.10531999999999	1.0	0	0	0	1	0	0	0
10034	98.5	InChI=1S/C16H32O3/c17-15-13-11-9-7-5-3-1-2-4-6-8-10-12-14-16(18)19/h17H,1-15H2,(H,18,19)	16-hydroxyhexadecanoic acid	16	32	3	272.42228	1.0	0	1	0	0	1	0	0
3637837	95.5	InChI=1S/C9H8O2/c1-2-7-4-3-5-8(6-7)9(10)11/h2-6H,1H2,(H,10,11)	3-vinylbenzoic acid	9	8	2	148.15782	6.0	1	0	0	0	1	0	0
68265	104.5	InChI=1S/C6H8O4/c1-2-3-4(5(7)8)6(9)10/h2,4H,1,3H2,(H,7,8)(H,9,10)	allylmalonic acid	6	8	4	144.12372	3.0	0	0	0	0	1	0	0
7893	-2.5	InChI=1S/C11H22O/c1-2-3-4-5-6-7-8-9-10-11-12/h2,12H,1,3-11H2	10-undecen-1-ol	11	22	1	170.29138	1.0	0	1	0	0	0	0	0
64111	98.5	InChI=1S/C7H6O3/c8-4-5-3-6(9)1-2-7(5)10/h1-4,9-10H	2,5-dihydroxybenzaldehyde	7	6	3	138.11954	5.0	1	1	0	1	0	0	0
9964	90.5	InChI=1S/C8H10O2/c9-6-5-7-1-3-8(10)4-2-7/h1-4,9-10H,5-6H2	2-(4-hydroxyphenyl)ethanol	8	10	2	138.16299999999998	4.0	1	1	0	0	0	0	0
68837	181.5	InChI=1S/C8H8O3/c9-5-6-1-3-7(4-2-6)8(10)11/h1-4,9H,5H2,(H,10,11)	4-(hydroxymethyl)benzoic acid	8	8	3	152.14612	5.0	1	1	0	0	1	0	0
6438	270.5	InChI=1S/C12H6O3/c13-11-8-5-1-3-7-4-2-6-9(10(7)8)12(14)15-11/h1-6H	1,8-naphthalic anhydride	12	6	3	198.17304000000001	10.0	1	0	0	0	0	0	0
11421	65.5	InChI=1S/C8H6O3/c9-7(8(10)11)6-4-2-1-3-5-6/h1-5H,(H,10,11)	phenylglyoxylic acid	8	6	3	150.13024000000001	6.0	1	0	1	0	1	0	0
8045	39.5	InChI=1S/C13H10O2/c14-12-9-5-4-8-11(12)13(15)10-6-2-1-3-7-10/h1-9,14H	2-hydroxybenzophenone	13	10	2	198.21649999999997	9.0	1	1	1	0	0	0	0
65703	117.5	InChI=1S/C10H10O3/c11-9(6-7-10(12)13)8-4-2-1-3-5-8/h1-5H,6-7H2,(H,12,13)	3-benzoylpropionic acid	10	10	3	178.1834	6.0	1	0	1	0	1	0	0
58568	119.5	InChI=1S/C15H10O/c16-15-13(11-7-3-1-4-8-11)14(15)12-9-5-2-6-10-12/h1-10H	2,3-diphenyl-2-cyclopropen-1-one	15	10	1	206.2389	11.0	1	0	0	0	0	0	0
67593	100.5	InChI=1S/C19H14O/c20-19(17-9-5-2-6-10-17)18-13-11-16(12-14-18)15-7-3-1-4-8-15/h1-14H	4-benzoylbiphenyl	19	14	1	258.31346	13.0	1	0	1	0	0	0	0
69150	59.5	InChI=1S/C13H10O/c14-10-11-6-8-13(9-7-11)12-4-2-1-3-5-12/h1-10H	biphenyl-4-carboxaldehyde	13	10	1	182.21749999999997	9.0	1	0	0	1	0	0	0
68709	49.5	InChI=1S/C13H12O/c14-10-12-8-4-5-9-13(12)11-6-2-1-3-7-11/h1-9,14H,10H2	2-biphenylmethanol	13	12	1	184.23337999999998	8.0	1	1	0	0	0	0	0
21159439	83.5	InChI=1S/C13H12O/c14-13-8-6-12(7-9-13)10-11-4-2-1-3-5-11/h1-9,14H,10H2	4-benzylphenol	13	12	1	184.23337999999998	8.0	1	1	0	0	0	0	0
62525	127.5	InChI=1S/C20H18O2/c1-3-7-17(8-4-1)15-21-19-11-13-20(14-12-19)22-16-18-9-5-2-6-10-18/h1-14H,15-16H2	1,4-dibenzyloxybenzene	20	18	2	290.35492	12.0	1	0	0	0	0	0	1
63533	39.5	InChI=1S/C13H12O/c1-3-7-12(8-4-1)11-14-13-9-5-2-6-10-13/h1-10H,11H2	benzyl phenyl ether	13	12	1	184.23337999999998	8.0	1	0	0	0	0	0	1
6753	175.5	InChI=1S/C13H8O2/c14-13-9-5-1-3-7-11(9)15-12-8-4-2-6-10(12)13/h1-8H	xanthone	13	8	2	196.20062	10.0	1	0	0	0	0	0	0
12274	142.5	InChI=1S/C9H6O3/c10-8-5-6-3-1-2-4-7(6)9(11)12-8/h1-4H,5H2	homophthalic anhydride	9	6	3	162.14094	7.0	1	0	0	0	0	0	0
13848793	70.5	InChI=1S/C9H6O2/c10-9-6-5-7-3-1-2-4-8(7)11-9/h1-6H	coumarin	9	6	2	146.14194	7.0	1	0	0	0	0	0	0
10273	7.5	InChI=1S/C10H10O/c11-10-7-3-5-8-4-1-2-6-9(8)10/h1-2,4,6H,3,5,7H2	1-tetralone	10	10	1	146.1854	6.0	1	0	1	0	0	0	0
6621	74.5	InChI=1S/C8H6O2/c9-8-7-4-2-1-3-6(7)5-10-8/h1-4H,5H2	phthalide	8	6	2	134.13124	6.0	1	0	0	0	0	1	0
24722	162.5	InChI=1S/C20H24O6/c1-2-6-18-17(5-1)23-13-9-21-11-15-25-19-7-3-4-8-20(19)26-16-12-22-10-14-24-18/h1-8H,9-16H2	dibenzo-18-crown-6	20	24	6	360.39856	9.0	1	0	0	0	0	0	1
75956	79.5	InChI=1S/C14H20O5/c1-2-4-14-13(3-1)18-11-9-16-7-5-15-6-8-17-10-12-19-14/h1-4H,5-12H2	benzo-15-crown-5	14	20	5	268.3036	5.0	1	0	0	0	0	0	1
5966	61.5	InChI=1S/C11H8O/c12-8-9-5-6-10-3-1-2-4-11(10)7-9/h1-8H	2-naphthaldehyde	11	8	1	156.18022000000002	8.0	1	0	0	1	0	0	0
12690	60.5	InChI=1S/C12H22O/c13-12-10-8-6-4-2-1-3-5-7-9-11-12/h1-11H2	cyclododecanone	12	22	1	182.30208	2.0	0	0	1	0	0	0	0
61810	77.5	InChI=1S/C4H4O2/c1-2-3-4(5)6/h1H3,(H,5,6)	2-butynoic acid	4	4	2	84.07256	3.0	0	0	0	0	1	0	0
15435	69.5	InChI=1S/C10H12O3/c1-7(11)10-8(12-2)5-4-6-9(10)13-3/h4-6H,1-3H3	2',6'-dimethoxyacetophenone	10	12	3	180.19928	5.0	1	0	1	0	0	0	1
64152	19.5	InChI=1S/C10H12O3/c1-7(11)9-6-8(12-2)4-5-10(9)13-3/h4-6H,1-3H3	2',5'-dimethoxyacetophenone	10	12	3	180.19928	5.0	1	0	1	0	0	0	1
74935	53.5	InChI=1S/C10H10O3/c1-7(11)9-3-5-10(6-4-9)13-8(2)12/h3-6H,1-2H3	4'-acetoxyacetophenone	10	10	3	178.1834	6.0	1	0	1	0	0	1	0
63208	40.5	InChI=1S/C10H12O3/c1-7(11)9-5-4-8(12-2)6-10(9)13-3/h4-6H,1-3H3	2',4'-dimethoxyacetophenone	10	12	3	180.19928	5.0	1	0	1	0	0	0	1
62618	12.5	InChI=1S/C8H14O4/c1-7(9)11-5-3-4-6-12-8(2)10/h3-6H2,1-2H3	1,4-diacetoxybutane	8	14	4	174.19276	2.0	0	0	0	0	0	1	0
12336	66.5	InChI=1S/C14H20O2/c1-13(2,3)10-7-9(15)8-11(12(10)16)14(4,5)6/h7-8H,1-6H3	2,6-di-tert-butyl-p-benzoquinone	14	20	2	220.3066	5.0	0	0	1	0	0	0	0
21105932	27.5	InChI=1S/C10H14O/c1-8(2)10-5-3-9(7-11)4-6-10/h3-6,8,11H,7H2,1-2H3	4-isopropylbenzyl alcohol	10	14	1	150.21716	4.0	1	1	0	0	0	0	0
11781	86.5	InChI=1S/C6H10O4/c1-4(2-5(7)8)3-6(9)10/h4H,2-3H2,1H3,(H,7,8)(H,9,10)	3-methylglutaric acid	6	10	4	146.1396	2.0	0	0	0	0	1	0	0
70865	189.5	InChI=1S/C5H10O4/c1-5(2-6,3-7)4(8)9/h6-7H,2-3H2,1H3,(H,8,9)	2,2-bis(hydroxymethyl)propionic acid	5	10	4	134.12890000000002	1.0	0	1	0	0	1	0	0
10248	72.5	InChI=1S/C9H12O/c1-6-4-7(2)9(10)8(3)5-6/h4-5,10H,1-3H3	2,4,6-trimethylphenol	9	12	1	136.19058	4.0	1	1	0	0	0	0	0
62217	223.5	InChI=1S/C22H18O4/c1-13-11-15(7-9-19(13)23)22(16-8-10-20(24)14(2)12-16)18-6-4-3-5-17(18)21(25)26-22/h3-12,23-24H,1-2H3	o-cresolphthalein	22	18	4	346.37432	14.0	1	1	0	0	0	1	0
5584	177.5	InChI=1S/C8H8O3/c1-5-2-3-6(8(10)11)7(9)4-5/h2-4,9H,1H3,(H,10,11)	4-methylsalicylic acid	8	8	3	152.14612	5.0	1	1	0	0	1	0	0
217532	92.5	InChI=1S/C9H10O2/c1-7-2-4-8(5-3-7)6-9(10)11/h2-5H,6H2,1H3,(H,10,11)	p-tolylacetic acid	9	10	2	150.1737	5.0	1	0	0	0	1	0	0
63512	140.5	InChI=1S/C9H10O3/c1-7-2-4-8(5-3-7)12-6-9(10)11/h2-5H,6H2,1H3,(H,10,11)	4-methylphenoxyacetic acid	9	10	3	166.17270000000002	5.0	1	0	0	0	1	0	1
11576	165.5	InChI=1S/C9H10O2/c1-6-3-4-8(9(10)11)5-7(6)2/h3-5H,1-2H3,(H,10,11)	3,4-dimethylbenzoic acid	9	10	2	150.1737	5.0	1	0	0	0	1	0	0
21105867	1.5	InChI=1S/C10H14O/c1-7(2)9-5-4-8(3)10(11)6-9/h4-7,11H,1-3H3	5-isopropyl-2-methylphenol	10	14	1	150.21716	4.0	1	1	0	0	0	0	0
11289	145.5	InChI=1S/C9H10O2/c1-6-4-3-5-8(7(6)2)9(10)11/h3-5H,1-2H3,(H,10,11)	2,3-dimethylbenzoic acid	9	10	2	150.1737	5.0	1	0	0	0	1	0	0
72148	99.5	InChI=1S/C9H10O3/c1-2-8(11)7-4-3-6(10)5-9(7)12/h3-5,10,12H,2H2,1H3	2',4'-dihydroxypropiophenone	9	10	3	166.17270000000002	5.0	1	1	1	0	0	0	0
11263	113.5	InChI=1S/C5H8O4/c1-2-3(4(6)7)5(8)9/h3H,2H2,1H3,(H,6,7)(H,8,9)	ethylmalonic acid	5	8	4	132.11302	2.0	0	0	0	0	1	0	0
18924	43.5	InChI=1S/C16H26O/c1-8-11-9-12(15(2,3)4)14(17)13(10-11)16(5,6)7/h9-10,17H,8H2,1-7H3	2,6-di-tert-butyl-4-ethylphenol	16	26	1	234.37663999999998	4.0	1	1	0	0	0	0	0
121262	142.5	InChI=1S/C10H12O2/c1-2-3-8-4-6-9(7-5-8)10(11)12/h4-7H,2-3H2,1H3,(H,11,12)	4-n-propylbenzoic acid	10	12	2	164.20028	5.0	1	0	0	0	1	0	0
67479	-40.5	InChI=1S/C12H22O3/c1-3-5-7-9-11(13)15-12(14)10-8-6-4-2/h3-10H2,1-2H3	hexanoic anhydride	12	22	3	214.30007999999998	2.0	0	0	0	0	0	0	0
25119	23.5	InChI=1S/C11H16O/c1-2-3-4-5-10-6-8-11(12)9-7-10/h6-9,12H,2-5H2,1H3	4-n-pentylphenol	11	16	1	164.24374	4.0	1	1	0	0	0	0	0
10425	52.5	InChI=1S/C17H34O/c1-3-5-7-9-11-13-15-17(18)16-14-12-10-8-6-4-2/h3-16H2,1-2H3	9-heptadecanone	17	34	1	254.45085999999998	1.0	0	0	1	0	0	0	0
23643	14.5	InChI=1S/C13H26O/c1-2-3-4-5-6-7-8-9-10-11-12-13-14/h13H,2-12H2,1H3	tridecanal	13	26	1	198.34453999999997	1.0	0	0	0	1	0	0	0
29024	18.5	InChI=1S/C15H30O2/c1-3-4-5-6-7-8-9-10-11-12-13-14-15(16)17-2/h3-14H2,1-2H3	methyl tetradecanoate	15	30	2	242.3967	1.0	0	0	0	0	0	1	0
7889	30.5	InChI=1S/C17H34O2/c1-3-4-5-6-7-8-9-10-11-12-13-14-15-16-17(18)19-2/h3-16H2,1-2H3	methyl palmitate	17	34	2	270.44986	1.0	0	0	0	0	0	1	0
13837584	-10.5	InChI=1S/C18H34O4/c1-3-5-15-21-17(19)13-11-9-7-8-10-12-14-18(20)22-16-6-4-2/h3-16H2,1-2H3	di-n-butyl sebacate	18	34	4	314.45856	2.0	0	0	0	0	0	1	0
11655	-27.5	InChI=1S/C9H12O/c1-2-8-10-9-6-4-3-5-7-9/h3-7H,2,8H2,1H3	phenyl_propyl_ether	9	12	1	136.19058	4.0	1	0	0	0	0	0	1
72680	28.5	InChI=1S/C10H16O6/c1-4-14-8(11)7(9(12)15-5-2)10(13)16-6-3/h7H,4-6H2,1-3H3	triethyl methanetricarboxylate	10	16	6	232.22804	3.0	0	0	0	0	0	1	0
11972	44.5	InChI=1S/C12H14O4/c1-3-15-11(13)9-5-7-10(8-6-9)12(14)16-4-2/h5-8H,3-4H2,1-2H3	diethyl terephthalate	12	14	4	222.23556000000002	6.0	1	0	0	0	0	1	0
64377	36.5	InChI=1S/C25H28O3/c1-4-27-22-15-13-21(14-16-22)25(2,3)19-26-18-20-9-8-12-24(17-20)28-23-10-6-5-7-11-23/h5-17H,4,18-19H2,1-3H3	1-{[2-(4-ethoxyphenyl)-2-methylpropoxy]methyl}-3-phenoxybenzene	25	28	3	376.48682	12.0	1	0	0	0	0	0	1
11628	136.5	InChI=1S/C9H10O3/c1-2-12-8-5-3-4-7(6-8)9(10)11/h3-6H,2H2,1H3,(H,10,11)	3-ethoxybenzoic acid	9	10	3	166.17270000000002	5.0	1	0	0	0	1	0	1
14760	221.5	InChI=1S/C9H8O4/c1-13-9(12)7-4-2-6(3-5-7)8(10)11/h2-5H,1H3,(H,10,11)	mono-methyl_terephthalate	9	8	4	180.15582	6.0	1	0	0	0	1	1	0
9856	144.5	InChI=1S/C10H12O5/c1-13-7-5-9(15-3)8(14-2)4-6(7)10(11)12/h4-5H,1-3H3,(H,11,12)	2,4,5-trimethoxybenzoic acid	10	12	5	212.19728	5.0	1	0	0	0	1	0	1
21159597	42.5	InChI=1S/C10H12O4/c1-12-8-4-7(10(11)14-3)5-9(6-8)13-2/h4-6H,1-3H3	methyl 3,5-dimethoxybenzoate	10	12	4	196.19828	5.0	1	0	0	0	0	1	1
8333	112.5	InChI=1S/C9H10O4/c1-12-7-3-6(5-10)4-8(13-2)9(7)11/h3-5,11H,1-2H3	syringaldehyde	9	10	4	182.17170000000002	5.0	1	1	0	1	0	0	1
67282	195.5	InChI=1S/C9H10O5/c1-13-7-4-5(9(11)12)3-6(10)8(7)14-2/h3-4,10H,1-2H3,(H,11,12)	5-hydroxy-3,4-dimethoxybenzoic acid	9	10	5	198.1707	5.0	1	1	0	0	1	0	1
21111758	-7.5	InChI=1S/C9H10O2/c1-7(10)8-4-3-5-9(6-8)11-2/h3-6H,1-2H3	3'-methoxyacetophenone	9	10	2	150.1737	5.0	1	0	1	0	0	0	1
63180	89.5	InChI=1S/C7H8O3/c1-10-7-4-5(8)2-3-6(7)9/h2-4,8-9H,1H3	2-methoxyhydroquinone	7	8	3	140.13542	4.0	1	1	0	0	0	0	1
2673	148.5	InChI=1S/C11H10O4/c1-13-7-5-9(14-2)8-3-4-11(12)15-10(8)6-7/h3-6H,1-2H3	5,7-dimethoxycoumarin	11	10	4	206.19310000000002	7.0	1	0	0	0	0	0	1
6872	97.5	InChI=1S/C10H12O4/c1-13-8-4-3-7(6-10(11)12)5-9(8)14-2/h3-5H,6H2,1-2H3,(H,11,12)	3,4-dimethoxyphenylacetic acid	10	12	4	196.19828	5.0	1	0	0	0	1	0	1
13490	78.5	InChI=1S/C11H12O2/c1-13-9-5-6-10-8(7-9)3-2-4-11(10)12/h5-7H,2-4H2,1H3	6-methoxy-1-tetralone	11	12	2	176.21098	6.0	1	0	1	0	0	0	1
63328	151.5	InChI=1S/C8H8O4/c1-12-6-4-2-3-5(7(6)9)8(10)11/h2-4,9H,1H3,(H,10,11)	2-hydroxy-3-methoxybenzoic acid	8	8	4	168.14512	5.0	1	1	0	0	1	0	1
62682	136.5	InChI=1S/C9H6O2/c10-9(11)7-6-8-4-2-1-3-5-8/h1-5H,(H,10,11)	phenylpropiolic acid	9	6	2	146.14194	7.0	1	0	0	0	1	0	0
71672	83.5	InChI=1S/C12H10O2/c1-14-12-7-6-9-4-2-3-5-10(9)11(12)8-13/h2-8H,1H3	2-methoxy-1-naphthaldehyde	12	10	2	186.20579999999998	8.0	1	0	0	1	0	0	1
1446	225.5	InChI=1S/C7H6O4/c8-4-1-2-5(7(10)11)6(9)3-4/h1-3,8-9H,(H,10,11)	2,4-dihydroxybenzoic_acid	7	6	4	154.11854	5.0	1	1	0	0	1	0	0
12213	128.67	InChI=1S/C12H22O4/c13-11(14)9-7-5-3-1-2-4-6-8-10-12(15)16/h1-10H2,(H,13,14)(H,15,16)	dodecanedioic acid	12	22	4	230.29908	2.0	0	0	0	0	1	0	0
13839553	-26.57	InChI=1S/C3H8O2/c4-2-1-3-5/h4-5H,1-3H2	1,3-propanediol	3	8	2	76.09362	0.0	0	1	0	0	0	0	0
7634	119.5	InChI=1S/C4H4O3/c5-3-1-2-4(6)7-3/h1-2H2	succinic anhydride	4	4	3	100.07156	3.0	0	0	0	0	0	0	0
11580	174.33	InChI=1S/C8H6O3/c9-5-6-2-1-3-7(4-6)8(10)11/h1-5H,(H,10,11)	3-carboxybenzaldehyde	8	6	3	150.13024000000001	6.0	1	0	0	1	1	0	0
62582	57.67	InChI=1S/C8H10O2/c9-5-7-2-1-3-8(4-7)6-10/h1-4,9-10H,5-6H2	1,3-benzenedimethanol	8	10	2	138.16299999999998	4.0	1	1	0	0	0	0	0
7142	202.33	InChI=1S/C7H6O3/c8-6-3-1-2-5(4-6)7(9)10/h1-4,8H,(H,9,10)	3-hydroxybenzoic acid	7	6	3	138.11954	5.0	1	1	0	0	1	0	0
13859497	36.66666667	InChI=1S/C8H6O3/c9-4-6-1-2-7-8(3-6)11-5-10-7/h1-4H,5H2	piperonal	8	6	3	150.13024000000001	6.0	1	0	0	1	0	0	1
62362	198.67	InChI=1S/C14H10O3/c15-13(10-4-2-1-3-5-10)11-6-8-12(9-7-11)14(16)17/h1-9H,(H,16,17)	4-benzoylbenzoic acid	14	10	3	226.2262	10.0	1	0	1	0	1	0	0
12307	55.33	InChI=1S/C13H16O/c14-13(11-7-3-1-4-8-11)12-9-5-2-6-10-12/h1,3-4,7-8,12H,2,5-6,9-10H2	cyclohexyl phenyl ketone	13	16	1	188.26513999999997	6.0	1	0	1	0	0	0	0
21105876	3.53	InChI=1S/C14H14O/c1-3-7-13(8-4-1)11-15-12-14-9-5-2-6-10-14/h1-10H,11-12H2	dibenzyl ether	14	14	1	198.25996	8.0	1	0	0	0	0	0	1
6586	161.33	InChI=1S/C11H8O2/c12-11(13)10-7-3-5-8-4-1-2-6-9(8)10/h1-7H,(H,12,13)	1-naphthoic acid	11	8	2	172.17922000000002	8.0	1	0	0	0	1	0	0
175	-94.6	InChI=1S/C3H6O/c1-3(2)4/h1-2H3	acetone	3	6	1	58.07874	1.0	0	0	1	0	0	0	0
306959	88.33	InChI=1S/C14H12O2/c1-11(15)16-14-9-7-13(8-10-14)12-5-3-2-4-6-12/h2-10H,1H3	4-acetoxybiphenyl	14	12	2	212.24308	9.0	1	0	0	0	0	1	0
21109330	43.33	InChI=1S/C6H14O2/c1-5(2,7)6(3,4)8/h7-8H,1-4H3	pinacol, anhydrous	6	14	2	118.17336	0.0	0	1	0	0	0	0	0
11472	7.67	InChI=1S/C11H14O3/c1-11(2,3)14-13-10(12)9-7-5-4-6-8-9/h4-8H,1-3H3	tert-butyl peroxybenzoate	11	14	3	194.22586	5.0	1	0	0	0	0	0	0
7073	-80.57	InChI=1S/C8H16O2/c1-6(2)5-10-8(9)7(3)4/h6-7H,5H2,1-4H3	isobutyl isobutyrate	8	16	2	144.21063999999998	1.0	0	0	0	0	0	1	0
66464	36.67	InChI=1S/C6H12O/c1-6(7)4-2-3-5-6/h7H,2-5H2,1H3	1-methylcyclopentanol	6	12	1	100.15848	1.0	0	1	0	0	0	0	0
11063	25.67	InChI=1S/C7H14O/c1-7(8)5-3-2-4-6-7/h8H,2-6H2,1H3	1-methylcyclohexanol	7	14	1	114.18506	1.0	0	1	0	0	0	0	0
62289	59.0	InChI=1S/C9H10O4/c1-5-4-6(10)8(12-2)9(13-3)7(5)11/h4H,1-3H3	2,3-dimethoxy-5-methyl-1,4-benzoquinone	9	10	4	182.17170000000002	5.0	0	0	1	0	0	0	1
72054	39.67	InChI=1S/C9H12O2/c1-7-8(10-2)5-4-6-9(7)11-3/h4-6H,1-3H3	2,6-dimethoxytoluene	9	12	2	152.18958	4.0	1	0	0	0	0	0	1
6983	128.67	InChI=1S/C7H8O2/c1-5-4-6(8)2-3-7(5)9/h2-4,8-9H,1H3	2-methylhydroquinone	7	8	2	124.13642	4.0	1	1	0	0	0	0	0
3345	61.33	InChI=1S/C15H22O3/c1-11-6-7-12(2)13(10-11)18-9-5-8-15(3,4)14(16)17/h6-7,10H,5,8-9H2,1-4H3,(H,16,17)	gemfibrozil	15	22	3	250.33218	5.0	1	0	0	0	1	0	1
11056	-102.67	InChI=1S/C6H14O/c1-4-5-6(2,3)7/h7H,4-5H2,1-3H3	2-methyl-2-pentanol	6	14	1	102.17436	0.0	0	1	0	0	0	0	0
12060	21.67	InChI=1S/C9H12O/c1-2-3-8-4-6-9(10)7-5-8/h4-7,10H,2-3H2,1H3	4-n-propylphenol	9	12	1	136.19058	4.0	1	1	0	0	0	0	0
7883	-5.33	InChI=1S/C10H20O/c1-2-3-4-5-6-7-8-9-10-11/h10H,2-9H2,1H3	decanal	10	20	1	156.2648	1.0	0	0	0	1	0	0	0
13249	52.43	InChI=1S/C15H30O2/c1-2-3-4-5-6-7-8-9-10-11-12-13-14-15(16)17/h2-14H2,1H3,(H,16,17)	pentadecanoic acid	15	30	2	242.3967	1.0	0	0	0	0	1	0	0
7917	39.5	InChI=1S/C14H30O/c1-2-3-4-5-6-7-8-9-10-11-12-13-14-15/h15H,2-14H2,1H3	1-tetradecanol	14	30	1	214.387	0.0	0	1	0	0	0	0	0
932	-15.5	InChI=1S/C8H18O/c1-2-3-4-5-6-7-8-9/h9H,2-8H2,1H3	1-octanol	8	18	1	130.22752	0.0	0	1	0	0	0	0	0
21159425	7.5	InChI=1S/C10H12O3/c1-3-13-10(11)8-4-6-9(12-2)7-5-8/h4-7H,3H2,1-2H3	ethyl 4-methoxybenzoate	10	12	3	180.19928	5.0	1	0	0	0	0	1	1
13865630	-20.67	InChI=1S/C8H14O4/c1-3-11-7(9)5-6-8(10)12-4-2/h3-6H2,1-2H3	diethyl succinate	8	14	4	174.19276	2.0	0	0	0	0	0	1	0
67466	43.67	InChI=1S/C10H14O2/c1-3-11-9-7-5-6-8-10(9)12-4-2/h5-8H,3-4H2,1-2H3	1,2-diethoxybenzene	10	14	2	166.21616	4.0	1	0	0	0	0	0	1
21106583	-44.33	InChI=1S/C8H18O3/c1-3-9-5-7-11-8-6-10-4-2/h3-8H2,1-2H3	diethylene glycol diethyl ether	8	18	3	162.22552000000002	0.0	0	0	0	0	0	0	1
14559	60.67	InChI=1S/C9H8O3/c1-12-9(11)8-4-2-7(6-10)3-5-8/h2-6H,1H3	methyl 4-formylbenzoate	9	8	3	164.15681999999998	6.0	1	0	0	1	0	1	0
19331	113.67	InChI=1S/C10H12O4/c1-12-8-5-10(14-3)9(13-2)4-7(8)6-11/h4-6H,1-3H3	2,4,5-trimethoxybenzaldehyde	10	12	4	196.19828	5.0	1	0	0	1	0	0	1
13876103	-9.37	InChI=1S/C10H12O2/c1-3-4-8-5-6-9(11)10(7-8)12-2/h3,5-7,11H,1,4H2,2H3	eugenol	10	12	2	164.20028	5.0	1	1	0	0	0	0	1
56139	114.33	InChI=1S/C8H10O3/c1-11-8-4-6(5-9)2-3-7(8)10/h2-4,9-10H,5H2,1H3	4-hydroxy-3-methoxybenzyl alcohol	8	10	3	154.16199999999998	4.0	1	1	0	0	0	0	1
21108577	49.67	InChI=1S/C9H10O3/c1-11-8-5-3-7(4-6-8)9(10)12-2/h3-6H,1-2H3	methyl 4-methoxybenzoate	9	10	3	166.17270000000002	5.0	1	0	0	0	0	1	1
21111781	37.5	InChI=1S/C8H8O2/c1-10-8-5-3-2-4-7(8)6-9/h2-6H,1H3	2-methoxybenzaldehyde	8	8	2	136.14712	5.0	1	0	0	1	0	0	1
21170543	-52.53	InChI=1S/C8H10O/c1-9-7-8-5-3-2-4-6-8/h2-6H,7H2,1H3	benzyl methyl ether	8	10	1	122.16399999999999	4.0	1	0	0	0	0	0	1
8058	42.4	InChI=1S/C13H10O3/c14-12-9-5-4-8-11(12)13(15)16-10-6-2-1-3-7-10/h1-9,14H	phenyl salicylate	13	10	3	214.21549999999996	9.0	1	1	0	0	0	1	0
63211	120.33333329999999	InChI=1S/C10H12O4/c1-12-7-4-9(13-2)8(6-11)10(5-7)14-3/h4-6H,1-3H3	2,4,6-trimethoxybenzaldehyde	10	12	4	196.19828	5.0	1	0	0	1	0	0	1
123	117.33333329999999	InChI=1S/C7H6O2/c8-5-6-1-3-7(9)4-2-6/h1-5,9H	4-hydroxybenzaldehyde	7	6	2	122.12054	5.0	1	1	0	1	0	0	0
21106900	114.5	InChI=1S/C9H10O3/c1-6(10)7-3-4-8(11)9(5-7)12-2/h3-5,11H,1-2H3	4'-hydroxy-3'-methoxyacetophenone	9	10	3	166.17270000000002	5.0	1	1	1	0	0	0	1
10025	143.5	InChI=1S/C8H14O4/c9-7(10)5-3-1-2-4-6-8(11)12/h1-6H2,(H,9,10)(H,11,12)	suberic acid	8	14	4	174.19276	2.0	0	0	0	0	1	0	0
6333	13.0	InChI=1S/C3H4O2/c1-2-3(4)5/h2H,1H2,(H,4,5)	acrylic acid	3	4	2	72.06186	2.0	0	0	0	0	1	0	0
4878	110.75	InChI=1S/C6H6O2/c7-5-2-1-3-6(8)4-5/h1-4,7-8H	resorcinol	6	6	2	110.10984	4.0	1	1	0	0	0	0	0
9824	83.7525	InChI=1S/C13H8O/c14-13-11-7-3-1-5-9(11)10-6-2-4-8-12(10)13/h1-8H	9-fluorenone	13	8	1	180.20162	10.0	1	0	1	0	0	0	0
6739	95.5	InChI=1S/C10H8O/c11-10-7-3-5-8-4-1-2-6-9(8)10/h1-7,11H	1-naphthol	10	8	1	144.16952	7.0	1	1	0	0	0	0	0
6176	-52.5	InChI=1S/C6H12O/c1-5(7)6(2,3)4/h1-4H3	pinacolone	6	12	1	100.15848	1.0	0	0	1	0	0	0	0
6146	25.35	InChI=1S/C4H10O/c1-4(2,3)5/h5H,1-3H3	tert-butyl alcohol, anhydrous	4	10	1	74.1212	0.0	0	1	0	0	0	0	0
6341	-46.25	InChI=1S/C4H8O2/c1-3(2)4(5)6/h3H,1-2H3,(H,5,6)	isobutyric acid	4	8	2	88.10432	1.0	0	0	0	0	1	0	0
6677	15.63	InChI=1S/C9H12O/c1-7(2)8-5-3-4-6-9(8)10/h3-7,10H,1-2H3	2-isopropylphenol	9	12	1	136.19058	4.0	1	1	0	0	0	0	0
6321	-86.65	InChI=1S/C4H8O/c1-3-4(2)5/h3H2,1-2H3	2-butanone	4	8	1	72.10531999999999	1.0	0	0	1	0	0	0	0
6881	18.4	InChI=1S/C9H10O/c1-2-9(10)8-6-4-3-5-7-8/h3-7H,2H2,1H3	propiophenone	9	10	1	134.1747	5.0	1	0	1	0	0	0	0
7016	-39.25	InChI=1S/C5H10O/c1-3-5(6)4-2/h3-4H2,1-2H3	3-pentanone	5	10	1	86.1319	1.0	0	0	1	0	0	0	0
512	-80.5	InChI=1S/C3H6O/c1-2-3-4/h3H,2H2,1H3	propionaldehyde	3	6	1	58.07874	1.0	0	0	0	1	0	0	0
7882	6.73	InChI=1S/C10H22O/c1-2-3-4-5-6-7-8-9-10-11/h11H,2-10H2,1H3	1-decanol	10	22	1	158.28068	0.0	0	1	0	0	0	0	0
6040	-78.48	InChI=1S/C5H12O/c1-2-3-4-5-6/h6H,2-5H2,1H3	1-pentanol	5	12	1	88.14778	0.0	0	1	0	0	0	0	0
1004	-126.53	InChI=1S/C3H8O/c1-2-3-4/h4H,2-3H2,1H3	1-propanol	3	8	1	60.09462	0.0	0	1	0	0	0	0	0
6998	-40.65	InChI=1S/C6H10O4/c1-3-9-5(7)6(8)10-4-2/h3-4H2,1-2H3	diethyl oxalate	6	10	4	146.1396	2.0	0	0	0	0	0	1	0
13846749	116.75	InChI=1S/C9H10O3/c1-2-12-9(11)7-3-5-8(10)6-4-7/h3-6,10H,2H2,1H3	ethyl 4-hydroxybenzoate	9	10	3	166.17270000000002	5.0	1	1	0	0	0	1	0
13839109	-61.68	InChI=1S/C6H12O3/c1-3-8-4-5-9-6(2)7/h3-5H2,1-2H3	2-ethoxyethyl acetate	6	12	3	132.15648	1.0	0	0	0	0	0	1	1
13863300	141.25	InChI=1S/C10H10O4/c1-13-9(11)7-3-5-8(6-4-7)10(12)14-2/h3-6H,1-2H3	dimethyl terephthalate	10	10	4	194.1824	6.0	1	0	0	0	0	1	0
7577	-99.75	InChI=1S/C2H4O2/c1-4-2-3/h2H,1H3	methyl formate	2	4	2	60.051159999999996	1.0	0	0	0	0	0	1	0
21106008	43.5025	InChI=1S/C9H10O3/c1-11-8-4-3-7(6-10)5-9(8)12-2/h3-6H,1-2H3	veratraldehyde	9	10	3	166.17270000000002	5.0	1	0	0	1	0	0	1
6854	180.5	InChI=1S/C9H10O4/c1-12-7-4-3-6(9(10)11)5-8(7)13-2/h3-5H,1-2H3,(H,10,11)	3,4-dimethoxybenzoic acid	9	10	4	182.17170000000002	5.0	1	0	0	0	1	0	1
8030	146.7525	InChI=1S/C14H12O2/c15-14(16)13(11-7-3-1-4-8-11)12-9-5-2-6-10-12/h1-10,13H,(H,15,16)	diphenylacetic acid	14	12	2	212.24308	9.0	1	0	0	0	1	0	0
73763	46.3975	InChI=1S/C9H10O3/c1-11-8-3-7(6-10)4-9(5-8)12-2/h3-6H,1-2H3	3,5-dimethoxybenzaldehyde	9	10	3	166.17270000000002	5.0	1	0	0	1	0	0	1
305	153.19799999999998	InChI=1S/C6H8O7/c7-3(8)1-6(13,5(11)12)2-4(9)10/h13H,1-2H2,(H,7,8)(H,9,10)(H,11,12)	citric acid, anhydrous	6	8	7	192.12072	3.0	0	1	0	0	1	0	0
6943	135.6	InChI=1S/C7H6O3/c8-4-5-1-2-6(9)3-7(5)10/h1-4,9-10H	2,4-dihydroxybenzaldehyde	7	6	3	138.11954	5.0	1	1	0	1	0	0	0
13837760	105.2	InChI=1S/C6H6O2/c7-5-3-1-2-4-6(5)8/h1-4,7-8H	catechol	6	6	2	110.10984	4.0	1	1	0	0	0	0	0
6840	100.79799999999999	InChI=1S/C13H10O/c1-3-7-12-10(5-1)9-11-6-2-4-8-13(11)14-12/h1-8H,9H2	9h-xanthene	13	10	1	182.21749999999997	9.0	1	0	0	0	0	0	1
8341	122.4	InChI=1S/C10H8O/c11-10-6-5-8-3-1-2-4-9(8)7-10/h1-7,11H	2-naphthol	10	8	1	144.16952	7.0	1	1	0	0	0	0	0
21105871	11.52	InChI=1S/C7H8O/c1-6-3-2-4-7(8)5-6/h2-5,8H,1H3	m-cresol	7	8	1	108.13741999999999	4.0	1	1	0	0	0	0	0
7772	-91.5	InChI=1S/C5H10O/c1-2-3-4-5-6/h5H,2-4H2,1H3	valeraldehyde	5	10	1	86.1319	1.0	0	0	0	1	0	0	0
258	-89.52	InChI=1S/C4H10O/c1-2-3-4-5/h5H,2-4H2,1H3	1-butanol	4	10	1	74.1212	0.0	0	1	0	0	0	0	0
2863	31.384	InChI=1S/C10H20O2/c1-2-3-4-5-6-7-8-9-10(11)12/h2-9H2,1H3,(H,11,12)	decanoic acid	10	20	2	172.2638	1.0	0	0	0	0	1	0	0
6907	96.6	InChI=1S/C10H12O3/c1-2-7-13-10(12)8-3-5-9(11)6-4-8/h3-6,11H,2,7H2,1H3	n-propyl 4-hydroxybenzoate	10	12	3	180.19928	5.0	1	1	0	0	0	1	0
238	122.3815385	InChI=1S/C7H6O2/c8-7(9)6-4-2-1-3-5-6/h1-5H,(H,8,9)	benzoic acid	7	6	2	122.12054	5.0	1	0	0	0	1	0	0
9929	170.55	InChI=1S/C9H10O2/c1-6-3-7(2)5-8(4-6)9(10)11/h3-5H,1-2H3,(H,10,11)	3,5-dimethylbenzoic acid	9	10	2	150.1737	5.0	1	0	0	0	1	0	0
10777	-92.37	InChI=1S/C5H10O/c1-4(2)5(3)6/h4H,1-3H3	3-methyl-2-butanone	5	10	1	86.1319	1.0	0	0	1	0	0	0	0
7607	-77.73	InChI=1S/C5H10O/c1-3-4-5(2)6/h3-4H2,1-2H3	2-pentanone	5	10	1	86.1319	1.0	0	0	1	0	0	0	0
13840	-51.3	InChI=1S/C4H6O/c5-4-2-1-3-4/h1-3H2	cyclobutanone	4	6	1	70.08944	2.0	0	0	1	0	0	0	0
2991	48.28	InChI=1S/C13H10O/c14-13(11-7-3-1-4-8-11)12-9-5-2-6-10-12/h1-10H	benzophenone	13	10	1	182.21749999999997	9.0	1	0	1	0	0	0	0
971	41.18	InChI=1S/C6H6O/c7-6-4-2-1-3-5-6/h1-5,7H	phenol	6	6	1	94.11084	4.0	1	1	0	0	0	0	0
370	16.46	InChI=1S/C8H16O2/c1-2-3-4-5-6-7-8(9)10/h2-7H2,1H3,(H,9,10)	octanoic acid	8	16	2	144.21063999999998	1.0	0	0	0	0	1	0	0
70500	168.43	InChI=1S/C11H14O2/c1-7-4-8(2)10(6-11(12)13)9(3)5-7/h4-5H,6H2,1-3H3,(H,12,13)	mesitylacetic acid	11	14	2	178.22686000000002	5.0	1	0	0	0	1	0	0
6552	131.4	InChI=1S/C8H4O3/c9-7-5-3-1-2-4-6(5)8(10)11-7/h1-4H	phthalic anhydride	8	4	3	148.11436	7.0	1	0	0	0	0	0	0
191	152.8	InChI=1S/C6H10O4/c7-5(8)3-1-2-4-6(9)10/h1-4H2,(H,7,8)(H,9,10)	adipic acid	6	10	4	146.1396	2.0	0	0	0	0	1	0	0
6215	163.3	InChI=1S/C19H16O/c20-19(16-10-4-1-5-11-16,17-12-6-2-7-13-17)18-14-8-3-9-15-18/h1-15,20H	triphenylmethanol	19	16	1	260.32934	12.0	1	1	0	0	0	0	0
7302	27.45	InChI=1S/C12H10O/c1-3-7-11(8-4-1)13-12-9-5-2-6-10-12/h1-10H	diphenyl ether	12	10	1	170.2068	8.0	1	0	0	0	0	0	1
18685	46.4	InChI=1S/C9H20O2/c10-8-6-4-2-1-3-5-7-9-11/h10-11H,1-9H2	1,9-nonanediol	9	20	2	160.2531	0.0	0	1	0	0	0	0	0
7635	53.27	InChI=1S/C4H2O3/c5-3-1-2-4(6)7-3/h1-2H	maleic anhydride	4	2	3	98.05568	4.0	0	0	0	0	0	0	0
10539	54.67	InChI=1S/C14H28O2/c1-2-3-4-5-6-7-8-9-10-11-12-13-14(15)16/h2-13H2,1H3,(H,15,16)	tetradecanoic acid	14	28	2	228.37012	1.0	0	0	0	0	1	0	0
723	97.1	InChI=1S/C5H8O4/c6-4(7)2-1-3-5(8)9/h1-3H2,(H,6,7)(H,8,9)	glutaric acid	5	8	4	132.11302	2.0	0	0	0	0	1	0	0
10033	60.77	InChI=1S/C17H34O2/c1-2-3-4-5-6-7-8-9-10-11-12-13-14-15-16-17(18)19/h2-16H2,1H3,(H,18,19)	heptadecanoic acid	17	34	2	270.44986	1.0	0	0	0	0	1	0	0
8070	104.484	InChI=1S/C8H8O2/c1-6-4-2-3-5-7(6)8(9)10/h2-5H,1H3,(H,9,10)	o-toluic acid	8	8	2	136.14712	5.0	1	0	0	0	1	0	0
67462	11.7	InChI=1S/C10H14O2/c1-3-11-9-6-5-7-10(8-9)12-4-2/h5-8H,3-4H2,1-2H3	1,3-diethoxybenzene	10	14	2	166.21616	4.0	1	0	0	0	0	0	1
7734	-80.4	InChI=1S/C3H6O2/c1-2-5-3-4/h3H,2H2,1H3	ethyl formate	3	6	2	74.07774	1.0	0	0	0	0	0	1	0
68030	126.25	InChI=1S/C20H38O4/c21-19(22)17-15-13-11-9-7-5-3-1-2-4-6-8-10-12-14-16-18-20(23)24/h1-18H2,(H,21,22)(H,23,24)	1,18-octadecanedicarboxylic acid	20	38	4	342.51171999999997	2.0	0	0	0	0	1	0	0
4444448	300.75	InChI=1S/C15H10O5/c16-9-3-1-8(2-4-9)11-7-20-13-6-10(17)5-12(18)14(13)15(11)19/h1-7,16-18H	4',5,7-trihydroxyisoflavone	15	10	5	270.23490000000004	11.0	1	1	0	0	0	0	0
11614	161.75	InChI=1S/C13H12O2/c14-12-5-1-10(2-6-12)9-11-3-7-13(15)8-4-11/h1-8,14-15H,9H2	4,4'-dihydroxydiphenylmethane	13	12	2	200.23237999999998	8.0	1	1	0	0	0	0	0
61739	181.25	InChI=1S/C10H8O2/c11-8-5-4-7-2-1-3-10(12)9(7)6-8/h1-6,11-12H	1,7-dihydroxynaphthalene	10	8	2	160.16852	7.0	1	1	0	0	0	0	0
10871	170.75	InChI=1S/C15H10O3/c16-13-11-8-4-5-9-12(11)18-15(14(13)17)10-6-2-1-3-7-10/h1-9,17H	3-hydroxyflavone	15	10	3	238.2369	11.0	1	1	0	0	0	0	0
4444926	286.25	InChI=1S/C15H10O4/c16-10-6-11(17)15-12(18)8-13(19-14(15)7-10)9-4-2-1-3-5-9/h1-8,16-17H	5,7-dihydroxyflavone	15	10	4	254.23590000000002	11.0	1	1	0	0	0	0	0
13493	101.75	InChI=1S/C12H10O2/c13-10-6-7-12(14)11(8-10)9-4-2-1-3-5-9/h1-8,13-14H	2-phenylhydroquinone	12	10	2	186.20579999999998	8.0	1	1	0	0	0	0	0
15886	58.25	InChI=1S/C11H14O2/c12-11(13)9-5-4-8-10-6-2-1-3-7-10/h1-3,6-7H,4-5,8-9H2,(H,12,13)	5-phenylvaleric acid	11	14	2	178.22686000000002	5.0	1	0	0	0	1	0	0
18409	148.75	InChI=1S/C13H10O3/c14-13(15)10-5-4-8-12(9-10)16-11-6-2-1-3-7-11/h1-9H,(H,14,15)	3-phenoxybenzoic acid	13	10	3	214.21549999999996	9.0	1	0	0	0	1	0	1
61418	37.25	InChI=1S/C9H8O2/c10-8-5-6-11-9-4-2-1-3-7(8)9/h1-4H,5-6H2	4-chromanone	9	8	2	148.15782	6.0	1	0	1	0	0	0	1
8282	124.25	InChI=1S/C10H8O2/c11-8-5-7-3-1-2-4-9(7)10(12)6-8/h1-6,11-12H	1,3-dihydroxynaphthalene	10	8	2	160.16852	7.0	1	1	0	0	0	0	0
10778469	193.25	InChI=1S/C9H6O3/c10-9(11)8-5-6-3-1-2-4-7(6)12-8/h1-5H,(H,10,11)	benzo[b]furan-2-carboxylic acid	9	6	3	162.14094	7.0	1	0	0	0	1	0	0
6856	184.75	InChI=1S/C11H8O2/c12-11(13)10-6-5-8-3-1-2-4-9(8)7-10/h1-7H,(H,12,13)	2-naphthoic acid	11	8	2	172.17922000000002	8.0	1	0	0	0	1	0	0
17383	12.75	InChI=1S/C6H10O3/c1-5(7)3-2-4-6(8)9/h2-4H2,1H3,(H,8,9)	4-acetylbutyric acid	6	10	3	130.1406	2.0	0	0	1	0	1	0	0
69366	114.25	InChI=1S/C14H20O2/c1-13(2,3)9-7-10(14(4,5)6)12(16)11(15)8-9/h7-8H,1-6H3	3,5-di-tert-butyl-o-benzoquinone	14	20	2	220.3066	5.0	0	0	1	0	0	0	0
10363	118.25	InChI=1S/C10H12O2/c1-7(2)8-3-5-9(6-4-8)10(11)12/h3-7H,1-2H3,(H,11,12)	4-isopropylbenzoic acid	10	12	2	164.20028	5.0	1	0	0	0	1	0	0
60518	172.25	InChI=1S/C17H18O4/c1-17(11-10-16(20)21,12-2-6-14(18)7-3-12)13-4-8-15(19)9-5-13/h2-9,18-19H,10-11H2,1H3,(H,20,21)	4,4-bis(4-hydroxyphenyl)valeric acid	17	18	4	286.32081999999997	9.0	1	1	0	0	1	0	0
8066	162.25	InChI=1S/C6H6O3/c1-4-6(8)5(7)2-3-9-4/h2-3,8H,1H3	3-hydroxy-2-methyl-4-pyrone	6	6	3	126.10884	4.0	1	1	0	0	0	0	0
68247	46.75	InChI=1S/C15H14O/c1-11-8-9-14(10-12(11)2)15(16)13-6-4-3-5-7-13/h3-10H,1-2H3	3,4-dimethylbenzophenone	15	14	1	210.27066000000002	9.0	1	0	1	0	0	0	0
63495	97.25	InChI=1S/C9H10O3/c1-2-8(11)7-5-6(10)3-4-9(7)12/h3-5,10,12H,2H2,1H3	2',5'-dihydroxypropiophenone	9	10	3	166.17270000000002	5.0	1	1	1	0	0	0	0
16931	97.75	InChI=1S/C8H10O2/c1-2-6-3-4-7(9)5-8(6)10/h3-5,9-10H,2H2,1H3	4-ethylresorcinol	8	10	2	138.16299999999998	4.0	1	1	0	0	0	0	0
8567	12.75	InChI=1S/C19H38O2/c1-4-5-6-7-8-9-10-11-12-13-14-15-16-17-19(20)21-18(2)3/h18H,4-17H2,1-3H3	isopropyl palmitate	19	38	2	298.50302	1.0	0	0	0	0	0	1	0
7915	33.25	InChI=1S/C13H28O/c1-2-3-4-5-6-7-8-9-10-11-12-13-14/h14H,2-13H2,1H3	1-tridecanol	13	28	1	200.36041999999998	0.0	0	1	0	0	0	0	0
6862	36.75	InChI=1S/C12H12O/c1-2-13-12-8-7-10-5-3-4-6-11(10)9-12/h3-9H,2H2,1H3	2-ethoxynaphthalene	12	12	1	172.22268	7.0	1	0	0	0	0	0	1
15663	118.75	InChI=1S/C8H8O4/c1-12-8(11)6-3-2-5(9)4-7(6)10/h2-4,9-10H,1H3	methyl 2,4-dihydroxybenzoate	8	8	4	168.14512	5.0	1	1	0	0	0	1	0
14360	68.25	InChI=1S/C10H10O4/c1-13-9(11)7-4-3-5-8(6-7)10(12)14-2/h3-6H,1-2H3	dimethyl isophthalate	10	10	4	194.1824	6.0	1	0	0	0	0	1	0
13693	184.75	InChI=1S/C9H10O4/c1-12-7-3-6(9(10)11)4-8(5-7)13-2/h3-5H,1-2H3,(H,10,11)	3,5-dimethoxybenzoic acid	9	10	4	182.17170000000002	5.0	1	0	0	0	1	0	1
4471	64.75	InChI=1S/C14H12O3/c1-17-11-7-8-12(13(15)9-11)14(16)10-5-3-2-4-6-10/h2-9,15H,1H3	2-hydroxy-4-methoxybenzophenone	14	12	3	228.24208	9.0	1	1	1	0	0	0	1
12055	252.25	InChI=1S/C8H8O4/c1-12-7-3-2-5(8(10)11)4-6(7)9/h2-4,9H,1H3,(H,10,11)	3-hydroxy-4-methoxybenzoic acid	8	8	4	168.14512	5.0	1	1	0	0	1	0	1
61569	58.25	InChI=1S/C14H12O3/c1-16-12-9-5-6-10-13(12)17-14(15)11-7-3-2-4-8-11/h2-10H,1H3	2-methoxyphenyl benzoate	14	12	3	228.24208	9.0	1	0	0	0	0	1	1
65785	147.75	InChI=1S/C11H14O3/c1-2-3-8-14-10-6-4-9(5-7-10)11(12)13/h4-7H,2-3,8H2,1H3,(H,12,13)	4-butoxybenzoic_acid	11	14	3	194.22586	5.0	1	0	0	0	1	0	1
70652	58.25	InChI=1S/C11H14O3/c1-14-10-7-5-9(6-8-10)3-2-4-11(12)13/h5-8H,2-4H2,1H3,(H,12,13)	4-(4-methoxyphenyl)butanoic acid	11	14	3	194.22586	5.0	1	0	0	0	1	0	1
61717	101.75	InChI=1S/C10H10O4/c1-12-7-4-3-6-5-14-10(11)8(6)9(7)13-2/h3-4H,5H2,1-2H3	opianyl	10	10	4	194.1824	6.0	1	0	0	0	0	1	1
6277	32.17	InChI=1S/C8H12O/c1-2-8(9)6-4-3-5-7-8/h1,9H,3-7H2	1-ethynylcyclohexanol	8	12	1	124.17988	3.0	0	1	0	0	0	0	0
13476	142.5	InChI=1S/C9H8O2/c1-2-7-3-5-8(6-4-7)9(10)11/h2-6H,1H2,(H,10,11)	4-vinylbenzoic acid	9	8	2	148.15782	6.0	1	0	0	0	1	0	0
11022	118.17	InChI=1S/C8H10O2/c9-5-7-1-2-8(6-10)4-3-7/h1-4,9-10H,5-6H2	1,4-benzenedimethanol	8	10	2	138.16299999999998	4.0	1	1	0	0	0	0	0
18107	99.5	InChI=1S/C8H8O3/c9-8(10)6-11-7-4-2-1-3-5-7/h1-5H,6H2,(H,9,10)	phenoxyacetic acid	8	8	3	152.14612	5.0	1	0	0	0	1	0	1
11269	216.17	InChI=1S/C20H14O2/c21-17-11-9-13-5-1-3-7-15(13)19(17)20-16-8-4-2-6-14(16)10-12-18(20)22/h1-12,21-22H	1,1'-bi(2-naphthol)	20	14	2	286.32316000000003	14.0	1	1	0	0	0	0	0
15983	193.5	InChI=1S/C9H8O4/c1-6(10)13-8-4-2-7(3-5-8)9(11)12/h2-5H,1H3,(H,11,12)	4-acetoxybenzoic acid	9	8	4	180.15582	6.0	1	0	0	0	1	1	0
7125	165.17	InChI=1S/C11H14O2/c1-11(2,3)9-6-4-8(5-7-9)10(12)13/h4-7H,1-3H3,(H,12,13)	4-tert-butylbenzoic acid	11	14	2	178.22686000000002	5.0	1	0	0	0	1	0	0
10340	-88.5	InChI=1S/C5H6O/c1-5-3-2-4-6-5/h2-4H,1H3	2-methylfuran	5	6	1	82.10014	3.0	1	0	0	0	0	0	0
960	61.77	InChI=1S/C16H32O2/c1-2-3-4-5-6-7-8-9-10-11-12-13-14-15-16(17)18/h2-15H2,1H3,(H,17,18)	palmitic acid	16	32	2	256.42328	1.0	0	0	0	0	1	0	0
61765	5.166666667	InChI=1S/C8H8O2/c9-6-8(10)7-4-2-1-3-5-7/h1-5,9H,6H2	2-hydroxyacetophenone	8	8	2	136.14712	5.0	1	1	1	0	0	0	0
11468	70.5	InChI=1S/C14H12O2/c1-11-7-9-13(10-8-11)16-14(15)12-5-3-2-4-6-12/h2-10H,1H3	4-methylphenylbenzoat	14	12	2	212.24308	9.0	1	0	0	0	0	1	0
7744	-6.13	InChI=1S/C6H10O2/c1-5(7)3-4-6(2)8/h3-4H2,1-2H3	2,5-hexanedione	6	10	2	114.1416	2.0	0	0	1	0	0	0	0
11095	-56.13	InChI=1S/C6H12O/c1-3-4-5-6(2)7/h3-5H2,1-2H3	2-hexanone	6	12	1	100.15848	1.0	0	0	1	0	0	0	0
7022	-75.38	InChI=1S/C4H6O2/c1-3-4(5)6-2/h3H,1H2,2H3	methyl acrylate	4	6	2	86.08844	2.0	0	0	0	0	0	1	0
7135	31.0	InChI=1S/C7H12O2/c8-7(9)6-4-2-1-3-5-6/h6H,1-5H2,(H,8,9)	cyclohexanecarboxylic acid	7	12	2	128.16818	2.0	0	0	0	0	1	0	0
10181338	184.41666669999998	InChI=1S/C8H8O3/c1-11-7-4-2-6(3-5-7)8(9)10/h2-5H,1H3,(H,9,10)	4-methoxybenzoic acid	8	8	3	152.14612	5.0	1	0	0	0	1	0	1
7132	19.73333333	InChI=1S/C8H8O/c1-7(9)8-5-3-2-4-6-8/h2-6H,1H3	acetophenone	8	8	1	120.14811999999999	5.0	1	0	1	0	0	0	0
32002	88.8	InChI=1S/C8H6O2/c9-5-7-2-1-3-8(4-7)6-10/h1-6H	isophthalaldehyde	8	6	2	134.13124	6.0	1	0	0	1	0	0	0
21069	56.85	InChI=1S/C5H6O2/c1-2-3-4-5(6)7/h1H,3-4H2,(H,6,7)	4-pentynoic acid	5	6	2	98.09914	3.0	0	0	0	0	1	0	0
72056	82.15	InChI=1S/C12H26O2/c13-11-9-7-5-3-1-2-4-6-8-10-12-14/h13-14H,1-12H2	1,12-dodecanediol	12	26	2	202.33283999999998	0.0	0	1	0	0	0	0	0
4489	114.43	InChI=1S/C6H4O2/c7-5-1-2-6(8)4-3-5/h1-4H	p-benzoquinone	6	4	2	108.09396000000001	5.0	0	0	1	0	0	0	0
21159598	59.93	InChI=1S/C10H12O4/c1-12-8-5-4-7(10(11)14-3)6-9(8)13-2/h4-6H,1-3H3	methyl 3,4-dimethoxybenzoate	10	12	4	196.19828	5.0	1	0	0	0	0	1	1
3756	43.85	InChI=1S/C12H24O2/c1-2-3-4-5-6-7-8-9-10-11-12(13)14/h2-11H2,1H3,(H,13,14)	dodecanoic acid	12	24	2	200.31696	1.0	0	0	0	0	1	0	0
630	-2.4	InChI=1S/C4H6O2/c1-3(5)4(2)6/h1-2H3	2,3-butanedione	4	6	2	86.08844	2.0	0	0	1	0	0	0	0
9965	129.93	InChI=1S/C9H10O3/c10-8-4-1-7(2-5-8)3-6-9(11)12/h1-2,4-5,10H,3,6H2,(H,11,12)	3-(4-hydroxyphenyl)propionic acid	9	10	3	166.17270000000002	5.0	1	1	0	0	1	0	0
67007	30.95	InChI=1S/C14H26O4/c1-17-13(15)11-9-7-5-3-4-6-8-10-12-14(16)18-2/h3-12H2,1-2H3	dimethyl 1,10-decanedicarboxylate	14	26	4	258.35224	2.0	0	0	0	0	0	1	0
78543	26.0	InChI=1S/C7H10O/c1-2-7(8)5-3-4-6-7/h1,8H,3-6H2	1-ethynylcyclopentanol	7	10	1	110.1533	3.0	0	1	0	0	0	0	0
13839441	-17.0	InChI=1S/C5H12O2/c6-4-2-1-3-5-7/h6-7H,1-5H2	1,5-pentanediol	5	12	2	104.14678	0.0	0	1	0	0	0	0	0
11624	131.0	InChI=1S/C8H8O3/c9-7-3-1-2-6(4-7)5-8(10)11/h1-4,9H,5H2,(H,10,11)	3-hydroxyphenylacetic acid	8	8	3	152.14612	5.0	1	1	0	0	1	0	0
11591	246.0	InChI=1S/C8H6O3/c9-5-6-1-3-7(4-2-6)8(10)11/h1-5H,(H,10,11)	4-carboxybenzaldehyde	8	6	3	150.13024000000001	6.0	1	0	0	1	1	0	0
62668	190.0	InChI=1S/C9H8O5/c10-8(11)5-14-7-4-2-1-3-6(7)9(12)13/h1-4H,5H2,(H,10,11)(H,12,13)	2-(carboxymethoxy)benzoic acid	9	8	5	196.15482	6.0	1	0	0	0	1	0	1
62368	63.0	InChI=1S/C8H10O2/c9-5-7-3-1-2-4-8(7)6-10/h1-4,9-10H,5-6H2	1,2-benzenedimethanol	8	10	2	138.16299999999998	4.0	1	1	0	0	0	0	0
8254	145.0	InChI=1S/C13H10O3/c14-10-6-7-11(12(15)8-10)13(16)9-4-2-1-3-5-9/h1-8,14-15H	2,4-dihydroxybenzophenone	13	10	3	214.21549999999996	9.0	1	1	1	0	0	0	0
6554	128.0	InChI=1S/C14H10O3/c15-13(10-6-2-1-3-7-10)11-8-4-5-9-12(11)14(16)17/h1-9H,(H,16,17)	2-benzoylbenzoic acid	14	10	3	226.2262	10.0	1	0	1	0	1	0	0
120096	145.0	InChI=1S/C16H14O2/c17-15(13-7-3-1-4-8-13)11-12-16(18)14-9-5-2-6-10-14/h1-10H,11-12H2	1,2-dibenzoylethane	16	14	2	238.28036	10.0	1	0	1	0	0	0	0
8366	133.0	InChI=1S/C13H10O3/c14-11-7-4-8-12(9-11)16-13(15)10-5-2-1-3-6-10/h1-9,14H	resorcinol monobenzoate	13	10	3	214.21549999999996	9.0	1	1	0	0	0	1	0
6520	74.0	InChI=1S/C20H14O4/c21-19(23-15-9-3-1-4-10-15)17-13-7-8-14-18(17)20(22)24-16-11-5-2-6-12-16/h1-14H	diphenyl phthalate	20	14	4	318.32116	14.0	1	0	0	0	0	1	0
81679	105.0	InChI=1S/C14H12O/c15-9-14-12-7-3-1-5-10(12)11-6-2-4-8-13(11)14/h1-8,14-15H,9H2	9-fluorenylmethanol	14	12	1	196.24408	9.0	1	1	0	0	0	0	0
6479	41.0	InChI=1S/C9H8O/c10-9-6-5-7-3-1-2-4-8(7)9/h1-4H,5-6H2	1-indanone	9	8	1	132.15882	6.0	1	0	1	0	0	0	0
6824	163.0	InChI=1S/C10H8O2/c11-9-5-7-3-1-2-4-8(7)6-10(9)12/h1-6,11-12H	2,3-dihydroxynaphthalene	10	8	2	160.16852	7.0	1	1	0	0	0	0	0
10256	172.0	InChI=1S/C8H8O4/c1-4(9)5-2-3-6(10)8(12)7(5)11/h2-3,10-12H,1H3	2',3',4'-trihydroxyacetophenone	8	8	4	168.14512	5.0	1	1	1	0	0	0	0
6724	145.0	InChI=1S/C8H8O3/c1-5(9)7-3-2-6(10)4-8(7)11/h2-4,10-11H,1H3	2',4'-dihydroxyacetophenone	8	8	3	152.14612	5.0	1	1	1	0	0	0	0
62933	100.0	InChI=1S/C12H10O2/c1-8(13)10-7-6-9-4-2-3-5-11(9)12(10)14/h2-7,14H,1H3	2-acetyl-1-naphthol	12	10	2	186.20579999999998	8.0	1	1	1	0	0	0	0
65974	187.0	InChI=1S/C15H22O2/c1-14(2,3)11-7-10(9-16)8-12(13(11)17)15(4,5)6/h7-9,17H,1-6H3	3,5-di-tert-butyl-4-hydroxybenzaldehyde	15	22	2	234.33318	5.0	1	1	0	1	0	0	0
12667	80.0	InChI=1S/C10H12O2/c1-10(2,9(11)12)8-6-4-3-5-7-8/h3-7H,1-2H3,(H,11,12)	alpha,alpha-dimethylphenylacetic acid	10	12	2	164.20028	5.0	1	0	0	0	1	0	0
12067	-34.0	InChI=1S/C6H12O2/c1-5(2)3-4-6(7)8/h5H,3-4H2,1-2H3,(H,7,8)	4-methylvaleric acid	6	12	2	116.15748	1.0	0	0	0	0	1	0	0
13887609	110.0	InChI=1S/C8H8O4/c1-4-3-6(10)7(5(2)9)8(11)12-4/h3,7H,1-2H3	dehydroacetic acid	8	8	4	168.14512	5.0	0	0	1	0	0	1	0
13262	133.0	InChI=1S/C7H8O2/c1-5-3-7(8)4-6(2)9-5/h3-4H,1-2H3	2,6-dimethyl-4-pyrone	7	8	2	124.13642	4.0	1	0	0	0	0	0	0
6707	152.0	InChI=1S/C8H8O3/c1-5-2-3-7(9)6(4-5)8(10)11/h2-4,9H,1H3,(H,10,11)	5-methylsalicylic acid	8	8	3	152.14612	5.0	1	1	0	0	1	0	0
287294	26.0	InChI=1S/C6H8O2/c1-2-3-4-5-6(7)8/h2-3H2,1H3,(H,7,8)	2-hexynoic acid	6	8	2	112.12572	3.0	0	0	0	0	1	0	0
62631	56.0	InChI=1S/C19H38O/c1-3-4-5-6-7-8-9-10-11-12-13-14-15-16-17-18-19(2)20/h3-18H2,1-2H3	2-nonadecanone	19	38	1	282.50402	1.0	0	0	1	0	0	0	0
10009	88.0	InChI=1S/C35H70O/c1-3-5-7-9-11-13-15-17-19-21-23-25-27-29-31-33-35(36)34-32-30-28-26-24-22-20-18-16-14-12-10-8-6-4-2/h3-34H2,1-2H3	18-pentatriacontanone	35	70	1	506.9293	1.0	0	0	1	0	0	0	0
7830	34.0	InChI=1S/C20H40O2/c1-3-5-6-7-8-9-10-11-12-13-14-15-16-17-18-19-20(21)22-4-2/h3-19H2,1-2H3	ethyl stearate	20	40	2	312.5296	1.0	0	0	0	0	0	1	0
16310	102.0	InChI=1S/C15H22O3/c1-2-3-4-5-6-7-12-18-14-10-8-13(9-11-14)15(16)17/h8-11H,2-7,12H2,1H3,(H,16,17)	4-n-octyloxybenzoic acid	15	22	3	250.33218	5.0	1	0	0	0	1	0	1
85490	31.0	InChI=1S/C14H16O4/c1-3-17-13(15)12(14(16)18-4-2)10-11-8-6-5-7-9-11/h5-10H,3-4H2,1-2H3	diethyl benzylidenemalonate	14	16	4	248.27284	7.0	1	0	0	0	0	1	0
65704	38.0	InChI=1S/C10H12O2/c1-3-12-10-6-4-9(5-7-10)8(2)11/h4-7H,3H2,1-2H3	4'-ethoxyacetophenone	10	12	2	164.20028	5.0	1	0	1	0	0	0	1
62453	37.0	InChI=1S/C7H10O4/c1-5(7(9)11-3)4-6(8)10-2/h1,4H2,2-3H3	dimethyl itaconate	7	10	4	158.15030000000002	3.0	0	0	0	0	0	1	0
15420	82.0	InChI=1S/C8H10O3/c1-10-7-4-3-6(9)5-8(7)11-2/h3-5,9H,1-2H3	3,4-dimethoxyphenol	8	10	3	154.16199999999998	4.0	1	1	0	0	0	0	1
14948	71.0	InChI=1S/C9H10O3/c1-12-8-4-2-3-7(5-8)6-9(10)11/h2-5H,6H2,1H3,(H,10,11)	3-methoxyphenylacetic acid	9	10	3	166.17270000000002	5.0	1	0	0	0	1	0	1
10633	88.0	InChI=1S/C15H14O5/c1-17-11-7-3-5-9-13(11)19-15(16)20-14-10-6-4-8-12(14)18-2/h3-10H,1-2H3	bis(2-methoxyphenyl) carbonate	15	14	5	274.26666	9.0	1	0	0	0	0	1	1
60108	117.0	InChI=1S/C20H14O4/c21-19(15-8-3-1-4-9-15)23-17-12-7-13-18(14-17)24-20(22)16-10-5-2-6-11-16/h1-14H	1,3-dibenzoyloxybenzene	20	14	4	318.32116	14.0	1	0	0	0	0	1	0
376	105.33	InChI=1S/C7H12O4/c8-6(9)4-2-1-3-5-7(10)11/h1-5H2,(H,8,9)(H,10,11)	pimelic acid	7	12	4	160.16618	2.0	0	0	0	0	1	0	0
34095	73.0	InChI=1S/C10H22O2/c11-9-7-5-3-1-2-4-6-8-10-12/h11-12H,1-10H2	1,10-decanediol	10	22	2	174.27967999999998	0.0	0	1	0	0	0	0	0
18	204.67	InChI=1S/C7H6O4/c8-5-3-1-2-4(6(5)9)7(10)11/h1-3,8-9H,(H,10,11)	2,3-dihydroxybenzoic acid	7	6	4	154.11854	5.0	1	1	0	0	1	0	0
8438	154.0	InChI=1S/C7H6O3/c8-4-5-1-2-6(9)7(10)3-5/h1-4,9-10H	3,4-dihydroxybenzaldehyde	7	6	3	138.11954	5.0	1	1	0	1	0	0	0
100	72.0	InChI=1S/C7H8O2/c8-5-6-2-1-3-7(9)4-6/h1-4,8-9H,5H2	3-hydroxybenzyl alcohol	7	8	2	124.13642	4.0	1	1	0	0	0	0	0
2117	179.67	InChI=1S/C14H10O3/c15-10-5-1-3-8-7-9-4-2-6-11(16)13(9)14(17)12(8)10/h1-6,15-16H,7H2	1,8,9-trihydroxyanthracene	14	10	3	226.2262	10.0	1	1	1	0	0	0	0
8099	98.0	InChI=1S/C8H6O3/c9-5-6-3-1-2-4-7(6)8(10)11/h1-5H,(H,10,11)	2-carboxybenzaldehyde	8	6	3	150.13024000000001	6.0	1	0	0	1	1	0	0
4962	85.67	InChI=1S/C7H8O2/c8-5-6-3-1-2-4-7(6)9/h1-4,8-9H,5H2	2-hydroxybenzyl alcohol	7	8	2	124.13642	4.0	1	1	0	0	0	0	0
60100	106.33	InChI=1S/C17H12O2/c18-17(14-7-2-1-3-8-14)19-16-11-10-13-6-4-5-9-15(13)12-16/h1-12H	2-naphthyl benzoate	17	12	2	248.27517999999998	12.0	1	0	0	0	0	1	0
13835294	285.0	InChI=1S/C14H8O2/c15-13-9-5-1-2-6-10(9)14(16)12-8-4-3-7-11(12)13/h1-8H	9,10-anthraquinone	14	8	2	208.21132	11.0	1	0	1	0	0	0	0
6751	156.17	InChI=1S/C14H10O/c15-14-12-7-3-1-5-10(12)9-11-6-2-4-8-13(11)14/h1-8H,9H2	anthrone	14	10	1	194.2282	10.0	1	0	1	0	0	0	0
14836	77.17	InChI=1S/C12H24O/c13-12-10-8-6-4-2-1-3-5-7-9-11-12/h12-13H,1-11H2	cyclododecanol	12	24	1	184.31796	1.0	0	1	0	0	0	0	0
21168556	50.33	InChI=1S/C10H12O3/c1-7(11)8-4-5-9(12-2)10(6-8)13-3/h4-6H,1-3H3	3',4'-dimethoxyacetophenone	10	12	3	180.19928	5.0	1	0	1	0	0	0	1
10986	209.0	InChI=1S/C9H8O3/c1-6(10)7-2-4-8(5-3-7)9(11)12/h2-5H,1H3,(H,11,12)	4-acetylbenzoic acid	9	8	3	164.15681999999998	6.0	1	0	1	0	1	0	0
6846	121.0	InChI=1S/C14H12O/c1-11(15)12-7-9-14(10-8-12)13-5-3-2-4-6-13/h2-10H,1H3	4-acetylbiphenyl	14	12	1	196.24408	9.0	1	0	1	0	0	0	0
2283	217.33	InChI=1S/C14H22O2/c1-13(2,3)9-7-12(16)10(8-11(9)15)14(4,5)6/h7-8,15-16H,1-6H3	2,5-di-tert-butylhydroquinone	14	22	2	222.32247999999998	4.0	1	1	0	0	0	0	0
7037	55.33	InChI=1S/C14H22O/c1-13(2,3)10-7-8-12(15)11(9-10)14(4,5)6/h7-9,15H,1-6H3	2,4-di-tert-butylphenol	14	22	1	206.32348	4.0	1	1	0	0	0	0	0
11350	119.33	InChI=1S/C7H8O2/c1-5-6(8)3-2-4-7(5)9/h2-4,8-9H,1H3	2-methylresorcinol	7	8	2	124.13642	4.0	1	1	0	0	0	0	0
9779	153.33	InChI=1S/C10H12O2/c1-6-4-7(2)9(10(11)12)8(3)5-6/h4-5H,1-3H3,(H,11,12)	2,4,6-trimethylbenzoic acid	10	12	2	164.20028	5.0	1	0	0	0	1	0	0
11399	133.33	InChI=1S/C9H10O2/c1-6-3-4-7(2)8(5-6)9(10)11/h3-5H,1-2H3,(H,10,11)	2,5-dimethylbenzoic acid	9	10	2	150.1737	5.0	1	0	0	0	1	0	0
21153	20.33	InChI=1S/C12H24O/c1-3-4-5-6-7-8-9-10-11-12(2)13/h3-11H2,1-2H3	2-dodecanone	12	24	1	184.31796	1.0	0	0	1	0	0	0	0
13835108	-19.27	InChI=1S/C10H18O4/c1-3-13-9(11)7-5-6-8-10(12)14-4-2/h3-8H2,1-2H3	diethyl adipate	10	18	4	202.24592	2.0	0	0	0	0	0	1	0
21111774	71.33	InChI=1S/C10H14O2/c1-3-11-9-5-7-10(8-6-9)12-4-2/h5-8H,3-4H2,1-2H3	1,4-diethoxybenzene	10	14	2	166.21616	4.0	1	0	0	0	0	0	1
21105859	25.0	InChI=1S/C8H10O2/c1-10-8-4-2-7(6-9)3-5-8/h2-5,9H,6H2,1H3	4-methoxybenzyl alcohol	8	10	2	138.16299999999998	4.0	1	1	0	0	0	0	1
6852	73.17	InChI=1S/C11H10O/c1-12-11-7-6-9-4-2-3-5-10(9)8-11/h2-8H,1H3	2-methoxynaphthalene	11	10	1	158.1961	7.0	1	0	0	0	0	0	1
6574	30.0	InChI=1S/C13H12O/c1-14-13-10-6-5-9-12(13)11-7-3-2-4-8-11/h2-10H,1H3	2-methoxybiphenyl	13	12	1	184.23337999999998	8.0	1	0	0	0	0	0	1
531832	155.0	InChI=1S/C14H14O2/c1-15-13-9-5-3-7-11(13)12-8-4-6-10-14(12)16-2/h3-10H,1-2H3	2,2'-dimethoxybiphenyl	14	14	2	214.25896	8.0	1	0	0	0	0	0	1
13835557	133.0	InChI=1S/C6H6O3/c7-4-2-1-3-5(8)6(4)9/h1-3,7-9H	pyrogallol	6	6	3	126.10884	4.0	1	1	0	0	0	0	0
11673	116.0	InChI=1S/C8H6O2/c9-5-7-1-2-8(6-10)4-3-7/h1-6H	terephthalaldehyde	8	6	2	134.13124	6.0	1	0	0	1	0	0	0
13848467	12.75	InChI=1S/C8H10O2/c9-6-7-10-8-4-2-1-3-5-8/h1-5,9H,6-7H2	2-phenoxyethanol	8	10	2	138.16299999999998	4.0	1	1	0	0	0	0	1
21106584	41.13	InChI=1S/C10H10O/c1-9(11)7-8-10-5-3-2-4-6-10/h2-8H,1H3/b8-7+	benzylideneacetone	10	10	1	146.1854	6.0	1	0	1	0	0	0	0
13846663	98.875	InChI=1S/C10H14O/c1-10(2,3)8-4-6-9(11)7-5-8/h4-7,11H,1-3H3	4-tert-butylphenol	10	14	1	150.21716	4.0	1	1	0	0	0	0	0
3644	-89.25	InChI=1S/C3H8O/c1-3(2)4/h3-4H,1-2H3	2-propanol	3	8	1	60.09462	0.0	0	1	0	0	0	0	0
7514	-38.5	InChI=1S/C7H14O/c1-3-5-6-7(8)4-2/h3-6H2,1-2H3	3-heptanone	7	14	1	114.18506	1.0	0	0	1	0	0	0	0
7901	24.5	InChI=1S/C12H26O/c1-2-3-4-5-6-7-8-9-10-11-12-13/h13H,2-12H2,1H3	1-dodecanol	12	26	1	186.33383999999998	0.0	0	1	0	0	0	0	0
13865426	-43.5	InChI=1S/C6H10O3/c1-3-9-6(8)4-5(2)7/h3-4H2,1-2H3	ethyl acetoacetate	6	10	3	130.1406	2.0	0	0	1	0	0	1	0
13848808	-8.25	InChI=1S/C8H8O3/c1-11-8(10)6-4-2-3-5-7(6)9/h2-5,9H,1H3	methyl salicylate	8	8	3	152.14612	5.0	1	1	0	0	0	1	0
15161	83.75	InChI=1S/C11H14O5/c1-13-8-5-7(11(12)16-4)6-9(14-2)10(8)15-3/h5-6H,1-4H3	methyl 3,4,5-trimethoxybenzoate	11	14	5	226.22386000000003	5.0	1	0	0	0	0	1	1
21105937	0.25	InChI=1S/C8H8O2/c1-10-8-4-2-7(6-9)3-5-8/h2-6H,1H3	4-methoxybenzaldehyde	8	8	2	136.14712	5.0	1	0	0	1	0	0	1
10892	100.4975	InChI=1S/C8H8O3/c1-11-7-5-3-2-4-6(7)8(9)10/h2-5H,1H3,(H,9,10)	2-methoxybenzoic acid	8	8	3	152.14612	5.0	1	0	0	0	1	0	1
13846658	166.2	InChI=1S/C12H10O/c13-12-8-6-11(7-9-12)10-4-2-1-3-5-10/h1-9,13H	4-phenylphenol	12	10	1	170.2068	8.0	1	1	0	0	0	0	0
13839128	75.118	InChI=1S/C8H10O/c1-6-3-4-7(2)8(9)5-6/h3-5,9H,1-2H3	2,5-dimethylphenol	8	10	1	122.16399999999999	4.0	1	1	0	0	0	0	0
8665	56.16666667	InChI=1S/C7H8O2/c1-9-7-4-2-6(8)3-5-7/h2-5,8H,1H3	4-methoxyphenol	7	8	2	124.13642	4.0	1	1	0	0	0	0	1
11898	65.05	InChI=1S/C20H42O/c1-2-3-4-5-6-7-8-9-10-11-12-13-14-15-16-17-18-19-20-21/h21H,2-20H2,1H3	1-eicosanol	20	42	1	298.54648000000003	0.0	0	1	0	0	0	0	0
8552	-2.983333333	InChI=1S/C6H12O2/c1-2-3-4-5-6(7)8/h2-5H2,1H3,(H,7,8)	hexanoic acid	6	12	2	116.15748	1.0	0	0	0	0	1	0	0
13863629	-37.1525	InChI=1S/C5H4O2/c6-4-5-2-1-3-7-5/h1-4H	2-furaldehyde	5	4	2	96.08326000000001	4.0	1	0	0	1	0	0	0
4436353	-9.95	InChI=1S/C8H12O4/c1-3-11-7(9)5-6-8(10)12-4-2/h5-6H,3-4H2,1-2H3	diethyl maleate	8	12	4	172.17688	3.0	0	0	0	0	0	1	0
7908	-5.6	InChI=1S/C8H18O5/c9-1-3-11-5-7-13-8-6-12-4-2-10/h9-10H,1-8H2	tetraethylene glycol	8	18	5	194.22352	0.0	0	1	0	0	0	0	1
10333	51.9	InChI=1S/C7H6O2/c8-6-4-2-1-3-5-7(6)9/h1-5H,(H,8,9)	tropolone	7	6	2	122.12054	5.0	1	1	0	0	0	0	0
10649	52.77	InChI=1S/C4H6O4/c1-7-3(5)4(6)8-2/h1-2H3	dimethyl oxalate	4	6	4	118.08644000000001	2.0	0	0	0	0	0	1	0
7185	60.663999999999994	InChI=1S/C9H12O/c1-7(2)8-3-5-9(10)6-4-8/h3-7,10H,1-2H3	4-isopropylphenol	9	12	1	136.19058	4.0	1	1	0	0	0	0	0
62359	-0.15	InChI=1S/C10H12O/c1-8(2)10(11)9-6-4-3-5-7-9/h3-8H,1-2H3	isobutyrophenone	10	12	1	148.20128	5.0	1	0	1	0	0	0	0
7866	11.43	InChI=1S/C9H18O2/c1-2-3-4-5-6-7-8-9(10)11/h2-8H2,1H3,(H,10,11)	nonanoic acid	9	18	2	158.23722	1.0	0	0	0	0	1	0	0
11824	8.58	InChI=1S/C8H14O4/c1-11-7(9)5-3-4-6-8(10)12-2/h3-6H2,1-2H3	dimethyl adipate	8	14	4	174.19276	2.0	0	0	0	0	0	1	0
8054	171.43	InChI=1S/C10H12O5/c1-13-7-4-6(10(11)12)5-8(14-2)9(7)15-3/h4-5H,1-3H3,(H,11,12)	3,4,5-trimethoxybenzoic acid	10	12	5	212.19728	5.0	1	0	0	0	1	0	1
7190	180.2	InChI=1S/C8H8O2/c1-6-2-4-7(5-3-6)8(9)10/h2-5H,1H3,(H,9,10)	p-toluic acid	8	8	2	136.14712	5.0	1	0	0	0	1	0	0
10004	104.25	InChI=1S/C6H8O2/c7-5-2-1-3-6(8)4-5/h1-4H2	1,3-cyclohexanedione	6	8	2	112.12572	3.0	0	0	1	0	0	0	0
207215	32.75	InChI=1S/C6H6O3/c7-3-5-1-2-6(4-8)9-5/h1-3,8H,4H2	5-hydroxymethyl-2-furaldehyde	6	6	3	126.10884	4.0	1	1	0	1	0	0	0
6837	221.25	InChI=1S/C11H8O3/c12-10-6-8-4-2-1-3-7(8)5-9(10)11(13)14/h1-6,12H,(H,13,14)	3-hydroxy-2-naphthoic acid	11	8	3	188.17822	8.0	1	1	0	0	1	0	0
19739	102.25	InChI=1S/C7H12O4/c1-7(2,3-5(8)9)4-6(10)11/h3-4H2,1-2H3,(H,8,9)(H,10,11)	3,3-dimethylglutaric acid	7	12	4	160.16618	2.0	0	0	0	0	1	0	0
7069	-54.75	InChI=1S/C8H14O3/c1-5(2)7(9)11-8(10)6(3)4/h5-6H,1-4H3	isobutyric anhydride	8	14	3	158.19376	2.0	0	0	0	0	0	0	0
62363	95.25	InChI=1S/C15H14O/c1-11-3-7-13(8-4-11)15(16)14-9-5-12(2)6-10-14/h3-10H,1-2H3	4,4'-dimethylbenzophenone	15	14	1	210.27066000000002	9.0	1	0	1	0	0	0	0
12100	71.25	InChI=1S/C22H46O/c1-2-3-4-5-6-7-8-9-10-11-12-13-14-15-16-17-18-19-20-21-22-23/h23H,2-22H2,1H3	docosan-1-ol	22	46	1	326.59964	0.0	0	1	0	0	0	0	0
63350	74.25	InChI=1S/C12H10O3/c1-15-12(14)10-6-8-4-2-3-5-9(8)7-11(10)13/h2-7,13H,1H3	methyl 3-hydroxy-2-naphthoate	12	10	3	202.20479999999998	8.0	1	1	0	0	0	1	0
63122	95.75	InChI=1S/C16H14O5/c1-19-13-7-3-11(4-8-13)15(17)21-16(18)12-5-9-14(20-2)10-6-12/h3-10H,1-2H3	4-methoxybenzoic anhydride	16	14	5	286.27736000000004	10.0	1	0	0	0	0	0	1
66916	154.33	InChI=1S/C13H10O/c14-13-11-7-3-1-5-9(11)10-6-2-4-8-12(10)13/h1-8,13-14H	9-fluorenol	13	10	1	182.21749999999997	9.0	1	1	0	0	0	0	0
7189	108.17	InChI=1S/C8H8O2/c1-6(9)7-2-4-8(10)5-3-7/h2-5,10H,1H3	4'-hydroxyacetophenone	8	8	2	136.14712	5.0	1	1	1	0	0	0	0
61749	115.83	InChI=1S/C9H8O3/c1-6(10)7-4-2-3-5-8(7)9(11)12/h2-5H,1H3,(H,11,12)	2-acetylbenzoic acid	9	8	3	164.15681999999998	6.0	1	0	1	0	1	0	0
29135	37.5	InChI=1S/C14H22O/c1-13(2,3)10-8-7-9-11(12(10)15)14(4,5)6/h7-9,15H,1-6H3	2,6-di-tert-butylphenol	14	22	1	206.32348	4.0	1	1	0	0	0	0	0
61542	70.83	InChI=1S/C8H8O2/c1-5-3-7(9)4-6(2)8(5)10/h3-4H,1-2H3	2,6-dimethyl-p-benzoquinone	8	8	2	136.14712	5.0	0	0	1	0	0	0	0
21105998	50.5	InChI=1S/C10H14O/c1-7(2)9-5-4-8(3)6-10(9)11/h4-7,11H,1-3H3	thymol	10	14	1	150.21716	4.0	1	1	0	0	0	0	0
11021	60.5	InChI=1S/C8H10O/c1-7-2-4-8(6-9)5-3-7/h2-5,9H,6H2,1H3	4-methylbenzyl alcohol	8	10	1	122.16399999999999	4.0	1	1	0	0	0	0	0
21111723	53.17	InChI=1S/C9H12O3/c1-10-7-4-8(11-2)6-9(5-7)12-3/h4-6H,1-3H3	1,3,5-trimethoxybenzene	9	12	3	168.18858	4.0	1	0	0	0	0	0	1
10289	206.5	InChI=1S/C9H10O5/c1-13-6-3-5(9(11)12)4-7(14-2)8(6)10/h3-4,10H,1-2H3,(H,11,12)	syringic acid	9	10	5	198.1707	5.0	1	1	0	0	1	0	1
8155	212.33	InChI=1S/C8H8O4/c1-12-7-4-5(8(10)11)2-3-6(7)9/h2-4,9H,1H3,(H,10,11)	vanillic acid	8	8	4	168.14512	5.0	1	1	0	0	1	0	1
6774	55.17	InChI=1S/C8H10O3/c1-10-6-4-3-5-7(11-2)8(6)9/h3-5,9H,1-2H3	2,6-dimethoxyphenol	8	10	3	154.16199999999998	4.0	1	1	0	0	0	0	1
132	215.25	InChI=1S/C7H6O3/c8-6-3-1-5(2-4-6)7(9)10/h1-4,8H,(H,9,10)	4-hydroxybenzoic acid	7	6	3	138.11954	5.0	1	1	0	0	1	0	0
4600	261.25	InChI=1S/C20H14O4/c21-15-9-5-13(6-10-15)20(14-7-11-16(22)12-8-14)18-4-2-1-3-17(18)19(23)24-20/h1-12,21-22H	phenolphthalein	20	14	4	318.32116	14.0	1	1	0	0	0	1	0
6220	150.365	InChI=1S/C14H12O3/c15-13(16)14(17,11-7-3-1-4-8-11)12-9-5-2-6-10-12/h1-10,17H,(H,15,16)	benzilic acid	14	12	3	228.24208	9.0	1	1	0	0	1	0	0
6864	75.35	InChI=1S/C12H12O2/c13-7-8-14-12-6-5-10-3-1-2-4-11(10)9-12/h1-6,9,13H,7-8H2	2-(2-naphthoxy)ethanol	12	12	2	188.22168	7.0	1	1	0	0	0	0	1
21394	53.4	InChI=1S/C9H10O/c10-9-6-5-7-3-1-2-4-8(7)9/h1-4,9-10H,5-6H2	1-indanol	9	10	1	134.1747	5.0	1	1	0	0	0	0	0
7837	-34.24	InChI=1S/C7H16O/c1-2-3-4-5-6-7-8/h8H,2-7H2,1H3	1-heptanol	7	16	1	116.20094	0.0	0	1	0	0	0	0	0
1031	12.15555556	InChI=1S/C3H4O3/c1-2(4)3(5)6/h1H3,(H,5,6)	pyruvic acid	3	4	3	88.06085999999999	2.0	0	0	1	0	1	0	0
62628	61.5	InChI=1S/C8H18O2/c9-7-5-3-1-2-4-6-8-10/h9-10H,1-8H2	1,8-octanediol	8	18	2	146.22652	0.0	0	1	0	0	0	0	0
6468	259.5	InChI=1S/C12H6O2/c13-11-8-5-1-3-7-4-2-6-9(10(7)8)12(11)14/h1-6H	acenaphthenequinone	12	6	2	182.17404	10.0	1	0	0	0	0	0	0
12465	38.5	InChI=1S/C6H8O2/c7-5-3-1-2-4-6(5)8/h1-4H2	1,2-cyclohexanedione	6	8	2	112.12572	3.0	0	0	1	0	0	0	0
10230	98.5	InChI=1S/C15H10O2/c16-13-10-15(11-6-2-1-3-7-11)17-14-9-5-4-8-12(13)14/h1-10H	flavone	15	10	2	222.2379	11.0	1	0	0	0	0	0	0
63567	89.5	InChI=1S/C16H12O/c1-3-7-13(8-4-1)15-11-12-16(17-15)14-9-5-2-6-10-14/h1-12H	2,5-diphenylfuran	16	12	1	220.26548	11.0	1	0	0	0	0	0	0
191496	42.5	InChI=1S/C22H18O4/c23-21(25-15-17-9-3-1-4-10-17)19-13-7-8-14-20(19)22(24)26-16-18-11-5-2-6-12-18/h1-14H,15-16H2	dibenzyl phthalate	22	18	4	346.37432	14.0	1	0	0	0	0	1	0
6433	198.5	InChI=1S/C14H8O4/c15-9-5-6-10(16)12-11(9)13(17)7-3-1-2-4-8(7)14(12)18/h1-6,15-16H	1,4-dihydroxyanthraquinone	14	8	4	240.20932000000002	11.0	1	1	1	0	0	0	0
13927	31.5	InChI=1S/C15H12O/c16-15-13-7-3-1-5-11(13)9-10-12-6-2-4-8-14(12)15/h1-8H,9-10H2	dibenzosuberone	15	12	1	208.25478	10.0	1	0	1	0	0	0	0
19669	62.5	InChI=1S/C11H10O/c12-8-10-6-3-5-9-4-1-2-7-11(9)10/h1-7,12H,8H2	1-naphthalenemethanol	11	10	1	158.1961	7.0	1	1	0	0	0	0	0
205386	33.5	InChI=1S/C15H28O2/c16-15-13-11-9-7-5-3-1-2-4-6-8-10-12-14-17-15/h1-14H2	pentadecanolide	15	28	2	240.38082	2.0	0	0	0	0	0	1	0
10018	-43.5	InChI=1S/C4H8O2/c1-2-5-4-6-3-1/h1-4H2	1,3-dioxane	4	8	2	88.10432	1.0	0	0	0	0	0	0	1
67230	174.5	InChI=1S/C10H10O4/c1-7(11)8-2-4-9(5-3-8)14-6-10(12)13/h2-5H,6H2,1H3,(H,12,13)	4-acetylphenoxyacetic acid	10	10	4	194.1824	6.0	1	0	1	0	1	0	1
525308	162.5	InChI=1S/C16H14O4/c1-11(17)19-15-7-3-13(4-8-15)14-5-9-16(10-6-14)20-12(2)18/h3-10H,1-2H3	4,4'-diacetoxybiphenyl	16	14	4	270.27836	10.0	1	0	0	0	0	1	0
6371	154.5	InChI=1S/C15H16O2/c1-15(2,11-3-7-13(16)8-4-11)12-5-9-14(17)10-6-12/h3-10,16-17H,1-2H3	bisphenol a	15	16	2	228.28554	8.0	1	1	0	0	0	0	0
7740	90.5	InChI=1S/C8H18O2/c1-7(2,9)5-6-8(3,4)10/h9-10H,5-6H2,1-4H3	2,5-dimethyl-2,5-hexanediol	8	18	2	146.22652	0.0	0	1	0	0	0	0	0
14340	48.5	InChI=1S/C9H10O2/c1-6-3-4-9(11)8(5-6)7(2)10/h3-5,11H,1-2H3	2'-hydroxy-5'-methylacetophenone	9	10	2	150.1737	5.0	1	1	1	0	0	0	0
9564	66.5	InChI=1S/C7H8O2/c1-5-2-3-6(8)7(9)4-5/h2-4,8-9H,1H3	4-methylcatechol	7	8	2	124.13642	4.0	1	1	0	0	0	0	0
61434	25.5	InChI=1S/C9H12O2/c1-7-4-5-8(10-2)9(6-7)11-3/h4-6H,1-3H3	3,4-dimethoxytoluene	9	12	2	152.18958	4.0	1	0	0	0	0	0	1
333	66.5	InChI=1S/C7H8O2/c1-5-3-2-4-6(8)7(5)9/h2-4,8-9H,1H3	3-methylcatechol	7	8	2	124.13642	4.0	1	1	0	0	0	0	0
61475	46.5	InChI=1S/C18H32O2/c1-2-3-4-5-6-7-8-9-10-11-12-13-14-15-16-17-18(19)20/h2-8,11-17H2,1H3,(H,19,20)	9-octadecynoic acid	18	32	2	280.44468	3.0	0	0	0	0	1	0	0
1688	43.5	InChI=1S/C15H24O/c1-2-3-4-5-6-7-8-9-14-10-12-15(16)13-11-14/h10-13,16H,2-9H2,1H3	4-n-nonylphenol	15	24	1	220.35006	4.0	1	1	0	0	0	0	0
79481	113.5	InChI=1S/C13H12O2/c1-2-15-13-8-7-10-5-3-4-6-11(10)12(13)9-14/h3-9H,2H2,1H3	2-ethoxy-1-naphthaldehyde	13	12	2	200.23237999999998	8.0	1	0	0	1	0	0	1
60121	27.5	InChI=1S/C8H10O2/c1-2-10-8-6-4-3-5-7(8)9/h3-6,9H,2H2,1H3	2-ethoxyphenol	8	10	2	138.16299999999998	4.0	1	1	0	0	0	0	1
61517	148.5	InChI=1S/C10H10O5/c1-14-7-4-3-6(5-11)8(10(12)13)9(7)15-2/h3-5H,1-2H3,(H,12,13)	2-carboxy-3,4-dimethoxybenzaldehyde	10	10	5	210.1814	6.0	1	0	0	1	1	0	1
71934	151.5	InChI=1S/C12H12O2/c1-13-11-5-3-10-8-12(14-2)6-4-9(10)7-11/h3-8H,1-2H3	2,6-dimethoxynaphthalene	12	12	2	188.22168	7.0	1	0	0	0	0	0	1
6898	57.5	InChI=1S/C10H10O2/c1-8(11)7-10(12)9-5-3-2-4-6-9/h2-6H,7H2,1H3	benzoylacetone	10	10	2	162.18439999999998	6.0	1	0	1	0	0	0	0
7758	3.5	InChI=1S/C14H26O4/c1-3-17-13(15)11-9-7-5-6-8-10-12-14(16)18-4-2/h3-12H2,1-2H3	diethyl_sebacate	14	26	4	258.35224	2.0	0	0	0	0	0	1	0
71976	174.5	InChI=1S/C15H14O2/c1-15(14(16)17,12-8-4-2-5-9-12)13-10-6-3-7-11-13/h2-11H,1H3,(H,16,17)	diphenylpropionic acid	15	14	2	226.26966000000002	9.0	1	0	0	0	1	0	0
737	78.83	InChI=1S/C2H4O3/c3-1-2(4)5/h3H,1H2,(H,4,5)	glycolic acid	2	4	3	76.05016	1.0	0	1	0	0	1	0	0
13835895	-6.0	InChI=1S/C6H14O4/c7-1-3-9-5-6-10-4-2-8/h7-8H,1-6H2	triethylene glycol	6	14	4	150.17136	0.0	0	1	0	0	0	0	1
11476	147.67	InChI=1S/C8H8O3/c9-7-4-2-1-3-6(7)5-8(10)11/h1-4,9H,5H2,(H,10,11)	2-hydroxyphenylacetic acid	8	8	3	152.14612	5.0	1	1	0	0	1	0	0
60090	226.67	InChI=1S/C13H10O2/c14-13(15)12-8-6-11(7-9-12)10-4-2-1-3-5-10/h1-9H,(H,14,15)	biphenyl-4-carboxylic acid	13	10	2	198.21649999999997	9.0	1	0	0	0	1	0	0
63538	113.77	InChI=1S/C13H10O2/c14-13(15)12-9-5-4-8-11(12)10-6-2-1-3-7-10/h1-9H,(H,14,15)	biphenyl-2-carboxylic acid	13	10	2	198.21649999999997	9.0	1	0	0	0	1	0	0
7427	96.0	InChI=1S/C14H14O2/c1-3-7-13(8-4-1)15-11-12-16-14-9-5-2-6-10-14/h1-10H,11-12H2	1,2-diphenoxyethane	14	14	2	214.25896	8.0	1	0	0	0	0	0	1
6442	171.0	InChI=1S/C17H10O/c18-17-14-8-2-1-7-12(14)13-9-3-5-11-6-4-10-15(17)16(11)13/h1-10H	7h-benz[de]anthracen-7-one	17	10	1	230.26029999999997	13.0	1	0	1	0	0	0	0
6177	34.83	InChI=1S/C5H10O2/c1-5(2,3)4(6)7/h1-3H3,(H,6,7)	trimethylacetic acid	5	10	2	102.13090000000001	1.0	0	0	0	0	1	0	0
29054	251.67	InChI=1S/C28H30O4/c1-15(2)20-13-23(17(5)11-25(20)29)28(22-10-8-7-9-19(22)27(31)32-28)24-14-21(16(3)4)26(30)12-18(24)6/h7-16,29-30H,1-6H3	thymolphthalein	28	30	4	430.5338	14.0	1	1	0	0	0	1	0
21106121	66.33	InChI=1S/C12H18O2/c1-2-3-4-5-6-10-7-8-11(13)9-12(10)14/h7-9,13-14H,2-6H2,1H3	4-n-hexylresorcinol	12	18	2	194.26932	4.0	1	1	0	0	0	0	0
5091	69.43	InChI=1S/C18H36O2/c1-2-3-4-5-6-7-8-9-10-11-12-13-14-15-16-17-18(19)20/h2-17H2,1H3,(H,19,20)	stearic acid	18	36	2	284.47644	1.0	0	0	0	0	1	0	0
7928	59.5	InChI=1S/C18H38O/c1-2-3-4-5-6-7-8-9-10-11-12-13-14-15-16-17-18-19/h19H,2-18H2,1H3	1-octadecanol	18	38	1	270.49332000000004	0.0	0	1	0	0	0	0	0
79453	72.67	InChI=1S/C8H8O3/c1-11-8(10)6-3-2-4-7(9)5-6/h2-5,9H,1H3	methyl 3-hydroxybenzoate	8	8	3	152.14612	5.0	1	1	0	0	0	1	0
61560	254.67	InChI=1S/C8H8O4/c1-11-6-3-5(9)4-7(12-2)8(6)10/h3-4H,1-2H3	2,6-dimethoxy-p-benzoquinone	8	8	4	168.14512	5.0	0	0	1	0	0	0	1
60092	51.0	InChI=1S/C9H10O3/c1-11-8-3-4-9(12-2)7(5-8)6-10/h3-6H,1-2H3	2,5-dimethoxybenzaldehyde	9	10	3	166.17270000000002	5.0	1	0	0	1	0	0	1
62390	71.0	InChI=1S/C9H10O3/c1-11-8-4-3-7(6-10)9(5-8)12-2/h3-6H,1-2H3	2,4-dimethoxybenzaldehyde	9	10	3	166.17270000000002	5.0	1	0	0	1	0	0	1
11449	89.67	InChI=1S/C13H12O/c1-14-13-9-7-12(8-10-13)11-5-3-2-4-6-11/h2-10H,1H3	4-methoxybiphenyl	13	12	1	184.23337999999998	8.0	1	0	0	0	0	0	1
124	151.0	InChI=1S/C8H8O3/c9-7-3-1-6(2-4-7)5-8(10)11/h1-4,9H,5H2,(H,10,11)	4-hydroxyphenylacetic acid	8	8	3	152.14612	5.0	1	1	0	0	1	0	0
12013	43.5	InChI=1S/C13H26O2/c1-2-3-4-5-6-7-8-9-10-11-12-13(14)15/h2-12H2,1H3,(H,14,15)	tridecanoic acid	13	26	2	214.34353999999996	1.0	0	0	0	0	1	0	0
13839416	43.7	InChI=1S/C6H14O2/c7-5-3-1-2-4-6-8/h7-8H,1-6H2	1,6-hexanediol	6	14	2	118.17336	0.0	0	1	0	0	0	0	0
6770	66.75	InChI=1S/C13H12O/c14-13(11-7-3-1-4-8-11)12-9-5-2-6-10-12/h1-10,13-14H	benzhydrol	13	12	1	184.23337999999998	8.0	1	1	0	0	0	0	0
21105887	33.5	InChI=1S/C15H14O/c16-15(11-13-7-3-1-4-8-13)12-14-9-5-2-6-10-14/h1-10H,11-12H2	1,3-diphenylacetone	15	14	1	210.27066000000002	9.0	1	0	1	0	0	0	0
6855	54.5	InChI=1S/C12H10O/c1-9(13)11-7-6-10-4-2-3-5-12(10)8-11/h2-8H,1H3	2-acetylnaphthalene	12	10	1	170.2068	8.0	1	0	1	0	0	0	0
256	-97.75	InChI=1S/C4H8O/c1-2-3-4-5/h4H,2-3H2,1H3	butyraldehyde	4	8	1	72.10531999999999	1.0	0	0	0	1	0	0	0
7803	-7.63	InChI=1S/C7H14O2/c1-2-3-4-5-6-7(8)9/h2-6H2,1H3,(H,8,9)	heptanoic acid	7	14	2	130.18406	1.0	0	0	0	0	1	0	0
7871	13.0	InChI=1S/C11H22O/c1-3-4-5-6-7-8-9-10-11(2)12/h3-10H2,1-2H3	2-undecanone	11	22	1	170.29138	1.0	0	0	1	0	0	0	0
8569	-96.53	InChI=1S/C8H18O/c1-3-5-7-9-8-6-4-2/h3-8H2,1-2H3	di-n-butyl ether	8	18	1	130.22752	0.0	0	0	0	0	0	0	1
6883	-12.75	InChI=1S/C8H8O2/c1-10-8(9)7-5-3-2-4-6-7/h2-6H,1H3	methyl benzoate	8	8	2	136.14712	5.0	1	0	0	0	0	1	0
11526	2.75	InChI=1S/C3H6O3/c1-5-3(4)6-2/h1-2H3	dimethyl carbonate	3	6	3	90.07674	1.0	0	0	0	0	0	1	0
14890	17.452	InChI=1S/C4H6O2/c5-4(6)3-1-2-3/h3H,1-2H2,(H,5,6)	cyclopropanecarboxylic acid	4	6	2	86.08844	2.0	0	0	0	0	1	0	0
13856959	19.6	InChI=1S/C14H12O2/c15-14(13-9-5-2-6-10-13)16-11-12-7-3-1-4-8-12/h1-10H,11H2	benzyl benzoate	14	12	2	212.24308	9.0	1	0	0	0	0	1	0
13839110	63.6	InChI=1S/C8H10O/c1-6-3-7(2)5-8(9)4-6/h3-5,9H,1-2H3	3,5-dimethylphenol	8	10	1	122.16399999999999	4.0	1	1	0	0	0	0	0
259	-6.324	InChI=1S/C4H8O2/c1-2-3-4(5)6/h2-3H2,1H3,(H,5,6)	butyric acid	4	8	2	88.10432	1.0	0	0	0	0	1	0	0
8574	-5.6	InChI=1S/C9H20O/c1-2-3-4-5-6-7-8-9-10/h10H,2-9H2,1H3	1-nonanol	9	20	1	144.2541	0.0	0	1	0	0	0	0	0
7706	-93.6	InChI=1S/C5H10O2/c1-3-4-7-5(2)6/h3-4H2,1-2H3	n-propyl acetate	5	10	2	102.13090000000001	1.0	0	0	0	0	0	1	0
1078	187.08333330000002	InChI=1S/C4H6O4/c5-3(6)1-2-4(7)8/h1-2H2,(H,5,6)(H,7,8)	succinic acid	4	6	4	118.08644000000001	2.0	0	0	0	0	1	0	0
10181341	77.17285714	InChI=1S/C8H8O2/c9-8(10)6-7-4-2-1-3-5-7/h1-5H,6H2,(H,9,10)	phenylacetic acid	8	8	2	136.14712	5.0	1	0	0	0	1	0	0
7878	-43.55	InChI=1S/C8H18O2/c1-2-3-4-5-7-10-8-6-9/h9H,2-8H2,1H3	2-(n-hexyloxy)ethanol	8	18	2	146.22652	0.0	0	1	0	0	0	0	1
13835772	31.45	InChI=1S/C7H8O/c1-6-4-2-3-5-7(6)8/h2-5,8H,1H3	o-cresol	7	8	1	108.13741999999999	4.0	1	1	0	0	0	0	0
10426	68.6	InChI=1S/C23H46O/c1-3-5-7-9-11-13-15-17-19-21-23(24)22-20-18-16-14-12-10-8-6-4-2/h3-22H2,1-2H3	12-tricosanone	23	46	1	338.61034000000006	1.0	0	0	1	0	0	0	0
7140	109.93	InChI=1S/C8H8O2/c1-6-3-2-4-7(5-6)8(9)10/h2-5H,1H3,(H,9,10)	m-toluic acid	8	8	2	136.14712	5.0	1	0	0	0	1	0	0
13839174	47.43	InChI=1S/C8H10O/c1-6-4-3-5-7(2)8(6)9/h3-5,9H,1-2H3	2,6-dimethylphenol	8	10	1	122.16399999999999	4.0	1	1	0	0	0	0	0
14582	61.75	InChI=1S/C12H16O/c13-12(9-5-2-6-10-12)11-7-3-1-4-8-11/h1,3-4,7-8,13H,2,5-6,9-10H2	1-phenylcyclohexanol	12	16	1	176.25444	5.0	1	1	0	0	0	0	0
10621	50.75	InChI=1S/C9H10O3/c1-6(10)8-4-3-7(12-2)5-9(8)11/h3-5,11H,1-2H3	2'-hydroxy-4'-methoxyacetophenone	9	10	3	166.17270000000002	5.0	1	1	1	0	0	0	1
11181	80.75	InChI=1S/C4H8O3/c1-4(2,7)3(5)6/h7H,1-2H3,(H,5,6)	2-hydroxyisobutyric acid	4	8	3	104.10332	1.0	0	1	0	0	1	0	0
29031	22.25	InChI=1S/C14H28O/c1-2-3-4-5-6-7-8-9-10-11-12-13-14-15/h14H,2-13H2,1H3	tetradecyl_aldehyde	14	28	1	212.37112	1.0	0	0	0	1	0	0	0
55194	100.75	InChI=1S/C15H22O5/c1-2-3-4-5-6-7-8-20-15(19)11-9-12(16)14(18)13(17)10-11/h9-10,16-18H,2-8H2,1H3	n-octyl gallate	15	22	5	282.33018000000004	5.0	1	1	0	0	0	1	0
60464	62.75	InChI=1S/C10H12O3/c1-3-13-9-5-4-8(7-11)6-10(9)12-2/h4-7H,3H2,1-2H3	4-ethoxy-3-methoxybenzaldehyde	10	12	3	180.19928	5.0	1	0	0	1	0	0	1
7956	-139.75	InChI=1S/C2H6O/c1-3-2/h1-2H3	dimethyl ether	2	6	1	46.06804	0.0	0	0	0	0	0	0	1
10251740	132.3333333	InChI=1S/C5H4O3/c6-5(7)4-2-1-3-8-4/h1-3H,(H,6,7)	2-furoic acid	5	4	3	112.08226	4.0	1	0	0	0	1	0	0
13837329	3.63	InChI=1S/C10H10O4/c1-13-9(11)7-5-3-4-6-8(7)10(12)14-2/h3-6H,1-2H3	dimethyl phthalate	10	10	4	194.1824	6.0	1	0	0	0	0	1	0
21105848	42.7525	InChI=1S/C8H8O3/c1-11-7-4-2-3-6(5-9)8(7)10/h2-5,10H,1H3	2-hydroxy-3-methoxybenzaldehyde	8	8	3	152.14612	5.0	1	1	0	1	0	0	1
13839151	72.762	InChI=1S/C8H10O/c1-6-4-3-5-8(9)7(6)2/h3-5,9H,1-2H3	2,3-dimethylphenol	8	10	1	122.16399999999999	4.0	1	1	0	0	0	0	0
6916	69.05555556	InChI=1S/C11H14O3/c1-2-3-8-14-11(13)9-4-6-10(12)7-5-9/h4-7,12H,2-3,8H2,1H3	n-butyl 4-hydroxybenzoate	11	14	3	194.22586	5.0	1	1	0	0	0	1	0
5004	132.83	InChI=1S/C10H18O4/c11-9(12)7-5-3-1-2-4-6-8-10(13)14/h1-8H2,(H,11,12)(H,13,14)	sebacic acid	10	18	4	202.24592	2.0	0	0	0	0	1	0	0
10001	-30.4025	InChI=1S/C5H10O2/c1-4(2)3-5(6)7/h4H,3H2,1-2H3,(H,6,7)	isovaleric acid	5	10	2	102.13090000000001	1.0	0	0	0	0	1	0	0
59556	42.15	InChI=1S/C6H14O2/c1-3-6(2,4-7)5-8/h7-8H,3-5H2,1-2H3	2-ethyl-2-methyl-1,3-propanediol	6	14	2	118.17336	0.0	0	1	0	0	0	0	0
7026	-18.53714286	InChI=1S/C5H10O/c6-5-3-1-2-4-5/h5-6H,1-4H2	cyclopentanol	5	10	1	86.1319	1.0	0	1	0	0	0	0	0
7175	34.73	InChI=1S/C9H10O2/c1-7-3-5-8(6-4-7)9(10)11-2/h3-6H,1-2H3	methyl p-toluate	9	10	2	150.1737	5.0	1	0	0	0	0	1	0
7511	-45.7	InChI=1S/C10H20O2/c1-3-5-6-7-8-9-10(11)12-4-2/h3-9H2,1-2H3	ethyl octanoate	10	20	2	172.2638	1.0	0	0	0	0	0	1	0
30349	-37.0	InChI=1S/C4H6O2/c1-2-3-4(5)6/h2H,1,3H2,(H,5,6)	vinylacetic acid	4	6	2	86.08844	2.0	0	0	0	0	1	0	0
84452	222.0	InChI=1S/C10H8O2/c11-9-3-1-7-5-10(12)4-2-8(7)6-9/h1-6,11-12H	2,6-dihydroxynaphthalene	10	8	2	160.16852	7.0	1	1	0	0	0	0	0
6928	231.0	InChI=1S/C8H6O4/c9-8(10)5-1-2-6-7(3-5)12-4-11-6/h1-3H,4H2,(H,9,10)	piperonylic acid	8	6	4	166.12924	6.0	1	0	0	0	1	0	1
24499	8.0	InChI=1S/C13H12O2/c14-10-11-5-4-8-13(9-11)15-12-6-2-1-3-7-12/h1-9,14H,10H2	3-phenoxybenzyl alcohol	13	12	2	200.23237999999998	8.0	1	1	0	0	0	0	1
12291	81.0	InChI=1S/C11H8O2/c12-7-10-9-4-2-1-3-8(9)5-6-11(10)13/h1-7,13H	2-hydroxy-1-naphthaldehyde	11	8	2	172.17922000000002	8.0	1	1	0	1	0	0	0
11180	-12.0	InChI=1S/C6H14O/c1-5(2)6(3,4)7/h5,7H,1-4H3	2,3-dimethyl-2-butanol	6	14	1	102.17436	0.0	0	1	0	0	0	0	0
86894	32.0	InChI=1S/C16H16O3/c1-2-19-15(17)16(18,13-9-5-3-6-10-13)14-11-7-4-8-12-14/h3-12,18H,2H2,1H3	ethyl benzilate	16	16	3	256.29524	9.0	1	1	0	0	0	1	0
4478521	223.0	InChI=1S/C17H14O6/c1-21-10-5-3-9(4-6-10)13-7-11(18)15-14(23-13)8-12(19)17(22-2)16(15)20/h3-8,19-20H,1-2H3	pectolinarigenin	17	14	6	314.28706	11.0	1	1	0	0	0	0	1
68220	39.0	InChI=1S/C14H12O2/c1-16-13-10-6-5-9-12(13)14(15)11-7-3-2-4-8-11/h2-10H,1H3	2-methoxybenzophenone	14	12	2	212.24308	9.0	1	0	1	0	0	0	1
66551	26.0	InChI=1S/C10H18O/c11-10-8-6-4-2-1-3-5-7-9-10/h1-9H2	cyclodecanone	10	18	1	154.24892	2.0	0	0	1	0	0	0	0
21105795	105.67	InChI=1S/C7H6O2/c8-5-6-2-1-3-7(9)4-6/h1-5,9H	3-hydroxybenzaldehyde	7	6	2	122.12054	5.0	1	1	0	1	0	0	0
7315	80.33	InChI=1S/C13H10O3/c14-13(15-11-7-3-1-4-8-11)16-12-9-5-2-6-10-12/h1-10H	diphenyl carbonate	13	10	3	214.21549999999996	9.0	1	0	0	0	0	1	0
12696	82.67	InChI=1S/C12H10O2/c13-10-6-8-12(9-7-10)14-11-4-2-1-3-5-11/h1-9,13H	4-phenoxyphenol	12	10	2	186.20579999999998	8.0	1	1	0	0	0	0	1
8554	-46.33	InChI=1S/C5H10O/c1-2-4-6-5-3-1/h1-5H2	tetrahydropyran	5	10	1	86.1319	1.0	0	0	0	0	0	0	1
13849	30.5	InChI=1S/C6H6O2/c1-5(7)6-3-2-4-8-6/h2-4H,1H3	2-acetylfuran	6	6	2	110.10984	4.0	1	0	1	0	0	0	0
11091	31.67	InChI=1S/C5H8O3/c1-4(6)2-3-5(7)8/h2-3H2,1H3,(H,7,8)	levulinic acid	5	8	3	116.11402	2.0	0	0	1	0	1	0	0
64166	123.17	InChI=1S/C10H10O4/c1-7(11)13-9-3-5-10(6-4-9)14-8(2)12/h3-6H,1-2H3	1,4-diacetoxybenzene	10	10	4	194.1824	6.0	1	0	0	0	0	1	0
10966	42.77	InChI=1S/C10H14O/c1-10(2,3)8-5-4-6-9(11)7-8/h4-7,11H,1-3H3	3-tert-butylphenol	10	14	1	150.21716	4.0	1	1	0	0	0	0	0
6164	52.17	InChI=1S/C5H12O/c1-5(2,3)4-6/h6H,4H2,1-3H3	neopentyl alcohol	5	12	1	88.14778	0.0	0	1	0	0	0	0	0
11556	34.0	InChI=1S/C9H12O/c1-9(2,10)8-6-4-3-5-7-8/h3-7,10H,1-2H3	2-phenyl-2-propanol	9	12	1	136.19058	4.0	1	1	0	0	0	0	0
15418	95.33	InChI=1S/C6H8O4/c1-6(2)9-4(7)3-5(8)10-6/h3H2,1-2H3	isopropylidene malonate	6	8	4	144.12372	3.0	0	0	0	0	0	1	0
6728	37.33	InChI=1S/C8H10O/c1-7-4-2-3-5-8(7)6-9/h2-5,9H,6H2,1H3	2-methylbenzyl alcohol	8	10	1	122.16399999999999	4.0	1	1	0	0	0	0	0
6165	-9.7	InChI=1S/C5H12O/c1-4-5(2,3)6/h6H,4H2,1-3H3	2-methyl-2-butanol	5	12	1	88.14778	0.0	0	1	0	0	0	0	0
67735	11.33	InChI=1S/C11H22O/c1-3-5-6-7-8-9-10-11(12)4-2/h3-10H2,1-2H3	3-undecanone	11	22	1	170.29138	1.0	0	0	1	0	0	0	0
7894	-2.0	InChI=1S/C11H22O/c1-2-3-4-5-6-7-8-9-10-11-12/h11H,2-10H2,1H3	undecanal	11	22	1	170.29138	1.0	0	0	0	1	0	0	0
13839107	-77.33	InChI=1S/C6H14O3/c1-2-8-5-6-9-4-3-7/h7H,2-6H2,1H3	diethylene glycol monoethyl ether	6	14	3	134.17236	0.0	0	1	0	0	0	0	1
10977	105.33	InChI=1S/C8H8O3/c1-11-7-4-2-3-6(5-7)8(9)10/h2-5H,1H3,(H,9,10)	3-methoxybenzoic acid	8	8	3	152.14612	5.0	1	0	0	0	1	0	1
13839575	-65.33	InChI=1S/C6H14O3/c1-7-3-5-9-6-4-8-2/h3-6H2,1-2H3	diethylene glycol dimethyl ether	6	14	3	134.17236	0.0	0	0	0	0	0	0	1
13839012	58.0	InChI=1S/C12H10O/c13-12-9-5-4-8-11(12)10-6-2-1-3-7-10/h1-9,13H	2-phenylphenol	12	10	1	170.2068	8.0	1	1	0	0	0	0	0
6505	208.75	InChI=1S/C14H8O2/c15-13-11-7-3-1-5-9(11)10-6-2-4-8-12(10)14(13)16/h1-8H	9,10-phenanthrenequinone	14	8	2	208.21132	11.0	1	0	1	0	0	0	0
21733	34.0	InChI=1S/C10H10O2/c1-7(11)9-4-3-5-10(6-9)8(2)12/h3-6H,1-2H3	1,3-diacetylbenzene	10	10	2	162.18439999999998	6.0	1	0	1	0	0	0	0
7621	-83.0	InChI=1S/C6H12O/c1-5(2)4-6(3)7/h5H,4H2,1-3H3	4-methyl-2-pentanone	6	12	1	100.15848	1.0	0	0	1	0	0	0	0
28982	44.63	InChI=1S/C8H10O/c1-2-7-3-5-8(9)6-4-7/h3-6,9H,2H2,1H3	4-ethylphenol	8	10	1	122.16399999999999	4.0	1	1	0	0	0	0	0
21105878	58.25	InChI=1S/C8H10O2/c1-9-7-3-5-8(10-2)6-4-7/h3-6H,1-2H3	1,4-dimethoxybenzene	8	10	2	138.16299999999998	4.0	1	0	0	0	0	0	1
447	29.5	InChI=1S/C7H8O2/c1-9-7-5-3-2-4-6(7)8/h2-5,8H,1H3	2-methoxyphenol	7	8	2	124.13642	4.0	1	1	0	0	0	0	1
4611	50.7475	InChI=1S/C10H12O2/c11-10(12)8-4-7-9-5-2-1-3-6-9/h1-3,5-6H,4,7-8H2,(H,11,12)	4-phenylbutyric acid	10	12	2	164.20028	5.0	1	0	0	0	1	0	0
6901	69.2	InChI=1S/C13H10O2/c14-13(11-7-3-1-4-8-11)15-12-9-5-2-6-10-12/h1-10H	phenyl benzoate	13	10	2	198.21649999999997	9.0	1	0	0	0	0	1	0
7176	129.4285714	InChI=1S/C8H8O3/c1-11-8(10)6-2-4-7(9)5-3-6/h2-5,9H,1H3	methyl 4-hydroxybenzoate	8	8	3	152.14612	5.0	1	1	0	0	0	1	0
331	158.7542857	InChI=1S/C7H6O3/c8-6-4-2-1-3-5(6)7(9)10/h1-4,8H,(H,9,10)	salicylic acid	7	6	3	138.11954	5.0	1	1	0	0	1	0	0
13836399	-76.27	InChI=1S/C6H14O2/c1-2-3-5-8-6-4-7/h7H,2-6H2,1H3	2-n-butoxyethanol	6	14	2	118.17336	0.0	0	1	0	0	0	0	1
14348	55.7	InChI=1S/C17H36O/c1-2-3-4-5-6-7-8-9-10-11-12-13-14-15-16-17-18/h18H,2-17H2,1H3	1-heptadecanol	17	36	1	256.46674	0.0	0	1	0	0	0	0	0
13835209	18.9	InChI=1S/C4H10O2/c5-3-1-2-4-6/h5-6H,1-4H2	1,4-butanediol	4	10	2	90.1202	0.0	0	1	0	0	0	0	0
11875	20.25	InChI=1S/C7H16O2/c8-6-4-2-1-3-5-7-9/h8-9H,1-7H2	1,7-heptanediol	7	16	2	132.19994	0.0	0	1	0	0	0	0	0
9795	231.25	InChI=1S/C14H10O4/c15-13(16)11-7-3-1-5-9(11)10-6-2-4-8-12(10)14(17)18/h1-8H,(H,15,16)(H,17,18)	diphenic acid	14	10	4	242.2252	10.0	1	0	0	0	1	0	0
7370	47.25	InChI=1S/C18H18O4/c19-17(21-13-15-7-3-1-4-8-15)11-12-18(20)22-14-16-9-5-2-6-10-16/h1-10H,11-14H2	dibenzyl succinate	18	18	4	298.33152	10.0	1	0	0	0	0	1	0
10674	64.25	InChI=1S/C51H98O6/c1-4-7-10-13-16-19-22-25-28-31-34-37-40-43-49(52)55-46-48(57-51(54)45-42-39-36-33-30-27-24-21-18-15-12-9-6-3)47-56-50(53)44-41-38-35-32-29-26-23-20-17-14-11-8-5-2/h48H,4-47H2,1-3H3	glycerol tripalmitate	51	98	6	807.3178200000001	3.0	0	0	0	0	0	1	0
8252	137.25	InChI=1S/C15H14O5/c1-19-9-3-5-11(13(16)7-9)15(18)12-6-4-10(20-2)8-14(12)17/h3-8,16-17H,1-2H3	2,2'-dihydroxy-4,4'-dimethoxybenzophenone	15	14	5	274.26666	9.0	1	1	1	0	0	0	1
2179	105.0	InChI=1S/C9H16O4/c10-8(11)6-4-2-1-3-5-7-9(12)13/h1-7H2,(H,10,11)(H,12,13)	azelaic acid	9	16	4	188.21934000000002	2.0	0	0	0	0	1	0	0
65693	124.83	InChI=1S/C13H10O2/c14-13-9-5-1-3-7-11(9)15-12-8-4-2-6-10(12)13/h1-8,13-14H	xanthydrol	13	10	2	198.21649999999997	9.0	1	1	0	0	0	0	1
21111804	45.83	InChI=1S/C9H12O3/c1-10-7-5-4-6-8(11-2)9(7)12-3/h4-6H,1-3H3	1,2,3-trimethoxybenzene	9	12	3	168.18858	4.0	1	0	0	0	0	0	1
764	172.2025	InChI=1S/C6H6O2/c7-5-1-2-6(8)4-3-5/h1-4,7-8H	hydroquinone	6	6	2	110.10984	4.0	1	1	0	0	0	0	0
172	-125.09	InChI=1S/C2H4O/c1-2-3/h2H,1H3	acetaldehyde	2	4	1	44.05216	1.0	0	0	0	1	0	0	0
7678	23.465999999999998	InChI=1S/C6H12O/c7-6-4-2-1-3-5-6/h6-7H,1-5H2	cyclohexanol	6	12	1	100.15848	1.0	0	1	0	0	0	0	0
7797	145.5	InChI=1S/C4H6O5/c5-3(6)1-9-2-4(7)8/h1-2H2,(H,5,6)(H,7,8)	diglycolic acid	4	6	5	134.08544	2.0	0	0	0	0	1	0	1
10618	164.5	InChI=1S/C9H4O5/c10-7(11)4-1-2-5-6(3-4)9(13)14-8(5)12/h1-3H,(H,10,11)	1,2,4-benzenetricarboxylic anhydride	9	4	5	192.12306	8.0	1	0	0	0	1	0	0
9900	55.5	InChI=1S/C8H8O3/c9-4-6-1-2-7-8(3-6)11-5-10-7/h1-3,9H,4-5H2	3,4-(methylenedioxy)benzyl alcohol	8	8	3	152.14612	5.0	1	1	0	0	0	0	1
14390	55.5	InChI=1S/C9H10O/c10-9-5-4-7-2-1-3-8(7)6-9/h4-6,10H,1-3H2	5-indanol	9	10	1	134.1747	5.0	1	1	0	0	0	0	0
13667	59.5	InChI=1S/C10H12O/c11-10-6-5-8-3-1-2-4-9(8)7-10/h5-7,11H,1-4H2	5,6,7,8-tetrahydro-2-naphthol	10	12	1	148.20128	5.0	1	1	0	0	0	0	0
11297	155.5	InChI=1S/C19H12O2/c20-17-12-18(14-7-2-1-3-8-14)21-19-15-9-5-4-6-13(15)10-11-16(17)19/h1-12H	alpha-naphthoflavone	19	12	2	272.29658	14.0	1	0	0	0	0	0	0
9554	57.5	InChI=1S/C14H12O/c15-14(13-9-5-2-6-10-13)11-12-7-3-1-4-8-12/h1-10H,11H2	deoxybenzoin	14	12	1	196.24408	9.0	1	0	1	0	0	0	0
71995	20.5	InChI=1S/C12H16O2/c13-12(14)10-6-2-5-9-11-7-3-1-4-8-11/h1,3-4,7-8H,2,5-6,9-10H2,(H,13,14)	6-phenylhexanoic acid	12	16	2	192.25343999999998	5.0	1	0	0	0	1	0	0
15968	317.5	InChI=1S/C20H12O5/c21-11-5-7-15-17(9-11)24-18-10-12(22)6-8-16(18)20(15)14-4-2-1-3-13(14)19(23)25-20/h1-10,21-22H	fluorescein	20	12	5	332.30428	15.0	1	1	0	0	0	1	1
11488	56.5	InChI=1S/C9H8O/c10-9-5-7-3-1-2-4-8(7)6-9/h1-4H,5-6H2	2-indanone	9	8	1	132.15882	6.0	1	0	1	0	0	0	0
14690	73.5	InChI=1S/C10H8O2/c1-7(11)10-6-8-4-2-3-5-9(8)12-10/h2-6H,1H3	2-acetylbenzo[b]furan	10	8	2	160.16852	7.0	1	0	1	0	0	0	0
6170	-5.5	InChI=1S/C4H10O2/c1-4(2,3)6-5/h5H,1-3H3	tert-butyl hydroperoxide	4	10	2	90.1202	0.0	0	0	0	0	0	0	0
81759	17.5	InChI=1S/C9H12O2/c1-7-6-8(10-2)4-5-9(7)11-3/h4-6H,1-3H3	2,5-dimethoxytoluene	9	12	2	152.18958	4.0	1	0	0	0	0	0	1
6515	174.5	InChI=1S/C15H10O2/c1-9-6-7-12-13(8-9)15(17)11-5-3-2-4-10(11)14(12)16/h2-8H,1H3	2-methylanthraquinone	15	10	2	222.2379	11.0	1	0	1	0	0	0	0
8182	344.5	InChI=1S/C8H6O4/c9-7(10)5-2-1-3-6(4-5)8(11)12/h1-4H,(H,9,10)(H,11,12)	isophthalic_acid	8	6	4	166.12924	6.0	1	0	0	0	1	0	0
6845	281.0	InChI=1S/C12H10O2/c13-11-5-1-9(2-6-11)10-3-7-12(14)8-4-10/h1-8,13-14H	4,4'-dihydroxybiphenyl	12	10	2	186.20579999999998	8.0	1	1	0	0	0	0	0
6601	133.33	InChI=1S/C12H10O2/c13-12(14)8-10-6-3-5-9-4-1-2-7-11(9)10/h1-7H,8H2,(H,13,14)	1-naphthylacetic acid	12	10	2	186.20579999999998	8.0	1	0	0	0	1	0	0
13839123	24.5	InChI=1S/C8H10O/c1-6-3-4-8(9)7(2)5-6/h3-5,9H,1-2H3	2,4-dimethylphenol	8	10	1	122.16399999999999	4.0	1	1	0	0	0	0	0
21106505	-53.33	InChI=1S/C24H38O4/c1-5-9-13-19(7-3)17-27-23(25)21-15-11-12-16-22(21)24(26)28-18-20(8-4)14-10-6-2/h11-12,15-16,19-20H,5-10,13-14,17-18H2,1-4H3	bis(2-ethylhexyl) phthalate	24	38	4	390.55451999999997	6.0	1	0	0	0	0	1	0
7802	-17.67	InChI=1S/C8H16O/c1-3-4-5-6-7-8(2)9/h3-7H2,1-2H3	2-octanone	8	16	1	128.21164	1.0	0	0	1	0	0	0	0
7923	77.67	InChI=1S/C22H44O2/c1-2-3-4-5-6-7-8-9-10-11-12-13-14-15-16-17-18-19-20-21-22(23)24/h2-21H2,1H3,(H,23,24)	behenic acid	22	44	2	340.58276	1.0	0	0	0	0	1	0	0
11249	72.13	InChI=1S/C15H16O/c1-15(2,12-6-4-3-5-7-12)13-8-10-14(16)11-9-13/h3-11,16H,1-2H3	4-cumylphenol	15	16	1	212.28654	8.0	1	1	0	0	0	0	0
13835293	127.25	InChI=1S/C5H12O2/c1-5(2,3-6)4-7/h6-7H,3-4H2,1-2H3	2,2-dimethyl-1,3-propanediol	5	12	2	104.14678	0.0	0	1	0	0	0	0	0
3915	104.25	InChI=1S/C11H8O2/c1-7-6-10(12)8-4-2-3-5-9(8)11(7)13/h2-6H,1H3	2-methyl-1,4-naphthoquinone	11	8	2	172.17922000000002	8.0	1	0	1	0	0	0	0
7475	-94.25	InChI=1S/C6H12O2/c1-3-5-6(7)8-4-2/h3-5H2,1-2H3	ethyl butyrate	6	12	2	116.15748	1.0	0	0	0	0	0	1	0
